"roll","pitch","yaw","f0","RMSenergy"
-7.47172,3.88039,-19.58981,0,0.004112134
-7.47241,3.83909,-19.80559,0,0.004293236
-7.47907,3.85196,-19.99395,0,0.004468993
-7.49108,3.82891,-20.19869,0,0.004654063
-7.50894,3.82171,-20.3531,0,0.004878209
-7.52554,3.83353,-20.51258,0,0.004977022
-7.53972,3.86479,-20.68911,136.7521,0.00535543
-7.57517,3.87873,-20.84931,273.5043,0.00585537
-7.60675,3.87675,-20.99702,273.5043,0.006706793
-7.66419,3.85983,-21.09362,136.7521,0.008591795
-7.70058,3.83712,-21.21539,0,0.0114462
-7.7523,3.81074,-21.25364,0,0.01527849
-7.81606,3.77681,-21.28587,0,0.01957507
-7.88586,3.77007,-21.30859,0,0.02434483
-7.95437,3.75252,-21.41333,144.4103,0.02964464
-8.03582,3.76027,-21.49246,285.5801,0.03483545
-8.12604,3.74473,-21.6087,394.3458,0.03999725
-8.24554,3.75669,-21.63713,330.7622,0.04470725
-8.35855,3.73395,-21.66859,271.6436,0.04870625
-8.45816,3.74305,-21.69601,245.5702,0.05134802
-8.54128,3.79076,-21.76425,248.0769,0.05231436
-8.59266,3.88187,-21.8764,250.0203,0.05137867
-8.64945,3.92426,-21.94877,252.6668,0.04857878
-8.69265,3.89385,-22.01803,255.355,0.04428251
-8.70841,3.87602,-22.12179,257.3818,0.03916323
-8.6908,3.87867,-22.213,257.3818,0.03423213
-8.68032,3.88955,-22.23599,255.355,0.03067911
-8.66486,3.88328,-22.22132,250.8011,0.02975343
-8.62472,3.85289,-22.26035,245.6674,0.0314829
-8.59289,3.82759,-22.28416,243.1024,0.03530892
-8.55434,3.79496,-22.32481,243.686,0.04014091
-8.53873,3.75739,-22.27904,245.5322,0.04532839
-8.53327,3.72576,-22.21099,246.1538,0.05012709
-8.53488,3.68554,-22.10033,245.5322,0.05509093
-8.53527,3.60821,-22.01891,243.686,0.05911874
-8.54964,3.52985,-21.91948,240.0831,0.06144245
-8.6039,3.43673,-21.78771,234.8594,0.0619822
-8.69726,3.40585,-21.62891,228.7427,0.06204043
-8.80338,3.35198,-21.51852,222.8601,0.06188177
-8.93078,3.30226,-21.41098,217.3221,0.06017908
-9.0858,3.237,-21.29729,211.6211,0.05755508
-9.25169,3.21125,-21.22347,209.3403,0.05537075
-9.4036,3.21558,-21.18932,211.238,0.05304672
-9.53666,3.26539,-21.23337,211.407,0.0495128600000001
-9.63638,3.33568,-21.28312,206.1627,0.04561219
-9.70433,3.38609,-21.37986,198.2458,0.04232625
-9.76266,3.48937,-21.46886,191.7805,0.04138659
-9.7647,3.59581,-21.65038,186.665,0.04131645
-9.78583,3.68443,-21.73675,181.6083,0.04319394
-9.80041,3.76563,-21.76697,178.4509,0.04533219
-9.79356,3.9091,-21.86597,177.1339,0.04758696
-9.79488,3.9975,-22.03373,175.8312,0.04943116
-9.80196,4.07491,-22.17156,174.5569,0.05029326
-9.81277,4.14684,-22.30441,173.2966,0.05068885
-9.84899,4.18178,-22.35004,172.3547,0.04966955
-9.91856,4.16637,-22.37047,172.043,0.04815768
-9.97676,4.19743,-22.43127,172.043,0.04533218
-10.04636,4.2226,-22.4587,171.1469,0.0410086
-10.10825,4.24606,-22.51787,169.9458,0.03557496
-10.18962,4.23262,-22.56053,169.3358,0.02997547
-10.28944,4.21816,-22.5645,168.4638,0.02562678
-10.3781,4.2084,-22.55387,166.739,0.02225603
-10.4798,4.19413,-22.4843,164.1484,0.02026185
-10.5518,4.18613,-22.45416,162.4407,0.019374
-10.62452,4.17271,-22.42469,160.596,0.01951558
-10.68526,4.17292,-22.40993,156.7815,0.01978294
-10.75596,4.18708,-22.38947,152.2921,0.01965798
-10.81641,4.20512,-22.39011,150.2964,0.01936929
-10.86805,4.19048,-22.38602,150.5454,0.01906706
-10.91549,4.18239,-22.38493,150.3188,0.0190699
-10.94204,4.16927,-22.41893,148.6672,0.01883165
-10.98374,4.16181,-22.444,147.0155,0.01773304
-11.0305,4.18768,-22.45327,146.3482,0.01572054
-11.05796,4.22611,-22.53665,146.3647,0.01368036
-11.08999,4.25189,-22.61163,147.2792,0.01250654
-11.12666,4.28383,-22.67162,148.4038,0.01191905
-11.13832,4.34817,-22.78863,149.3063,0.01145514
-11.1505,4.4002,-22.88611,151.0219,0.01076877
-11.15339,4.49311,-23.00674,152.9683,0.01017847
-11.16599,4.55436,-23.1247,153.4342,0.009450299
-11.20044,4.58664,-23.17146,151.9537,0.008424929
-11.22523,4.62789,-23.23091,100.3938,0.00778903
-11.25859,4.64931,-23.27183,50.07935,0.007607321
-11.30036,4.68342,-23.28451,57.9710099999991,0.00805679399999999
-11.33433,4.77673,-23.34798,115.6303,0.008291673
-11.35582,4.83583,-23.42362,174.2667,0.008215794
-11.36701,4.89901,-23.49927,176.2208,0.007815302
-11.3597,4.96053,-23.5826,177.828,0.007028315
-11.3464,5.02318,-23.64612,119.1917,0.00622784
-11.3372,5.04123,-23.67876,59.26657,0.005414574
-11.33541,5.04621,-23.67877,59.25926,0.004945823
-11.33275,5.01654,-23.68698,118.8514,0.004670224
-11.32223,5.03325,-23.70264,178.7765,0.004708561
-11.30742,5.01162,-23.70521,178.7839,0.004676612
-11.29602,5.01756,-23.73478,178.1253,0.004381943
-11.27984,5.0273,-23.78794,118.2002,0.003926349
-11.27511,5.02201,-23.82365,58.93365,0.003616819
-11.27547,5.00453,-23.85399,0,0.003457438
-11.27444,4.99277,-23.89742,0,0.003212934
-11.2985,4.97803,-23.87084,0,0.00293509
-11.3158,4.98129,-23.89306,0,0.002795562
-11.31444,4.99086,-23.9686,0,0.002884059
-11.31567,5.0319,-24.03114,0,0.002954316
-11.33435,5.05324,-24.06156,0,0.0030497
-11.35563,5.04639,-24.09731,0,0.002998121
-11.37701,5.0503,-24.14228,0,0.002930798
-11.41559,5.08233,-24.15322,0,0.002858373
-11.43608,5.12594,-24.17791,0,0.002837507
-11.43993,5.19014,-24.23474,0,0.002845413
-11.47115,5.20794,-24.21991,0,0.002756106
-11.49161,5.22144,-24.23726,0,0.002687339
-11.50941,5.27251,-24.241,0,0.002635684
-11.51265,5.31026,-24.25449,0,0.002617896
-11.5113,5.33727,-24.30373,0,0.002573713
-11.50027,5.3882,-24.32903,0,0.002573198
-11.49416,5.47804,-24.37229,0,0.002584705
-11.4929,5.48988,-24.39192,0,0.002664802
-11.50832,5.51224,-24.39528,0,0.002781139
-11.52888,5.50141,-24.36927,0,0.002895291
-11.54126,5.48144,-24.36591,58.99391,0.002978868
-11.54131,5.45625,-24.36877,119.6358,0.002942736
-11.54872,5.44791,-24.34422,186.4303,0.002927196
-11.54514,5.4386,-24.34365,127.4364,0.002907561
-11.54933,5.42904,-24.3144,66.7944699999982,0.002915078
-11.54931,5.42377,-24.31206,0,0.002911268
-11.54581,5.43047,-24.33252,0,0.002865713
-11.56241,5.42821,-24.30751,0,0.002899109
-11.54942,5.46877,-24.34216,0,0.002870546
-11.57144,5.4684,-24.30124,0,0.00284917
-11.57808,5.51042,-24.30774,0,0.002736179
-11.59614,5.51008,-24.29309,0,0.002646197
-11.61177,5.54222,-24.30626,0,0.002579286
-11.632,5.56608,-24.32172,0,0.002535842
-11.67167,5.56001,-24.31183,0,0.002520672
-11.70794,5.53799,-24.31003,0,0.00254646
-11.74195,5.53501,-24.29446,0,0.00260968
-11.76503,5.54143,-24.30979,0,0.002687023
-11.77583,5.55174,-24.32095,0,0.002701574
-11.79122,5.55525,-24.28138,0,0.002665009
-11.7919,5.549,-24.26979,0,0.002683831
-11.79468,5.58363,-24.23099,0,0.002795412
-11.79323,5.64549,-24.20309,0,0.002915358
-11.79416,5.64095,-24.18299,0,0.002927775
-11.80023,5.64518,-24.13872,0,0.003081688
-11.80823,5.66977,-24.10092,0,0.003462343
-11.81626,5.68309,-24.07617,0,0.003879884
-11.82472,5.66512,-24.07025,79.40722,0.004043153
-11.8419,5.69087,-24.02888,162.4631,0.00398503
-11.85085,5.71982,-24.02077,162.4631,0.003931367
-11.8534,5.74889,-24.03645,83.0559,0.003756983
-11.87659,5.76626,-23.96994,0,0.003306176
-11.87743,5.77287,-23.95791,0,0.00291436
-11.88319,5.76211,-23.93363,0,0.002625522
-11.89486,5.74835,-23.89242,0,0.002668354
-11.90696,5.72389,-23.86909,0,0.002649228
-11.9246,5.76713,-23.81361,0,0.002693155
-11.92098,5.77393,-23.81676,0,0.002713151
-11.9228,5.76079,-23.80285,0,0.002612904
-11.91969,5.77154,-23.84518,0,0.00259808600000001
-11.92751,5.79694,-23.83019,0,0.003057905
-11.92574,5.78337,-23.83066,0,0.003882621
-11.94027,5.83619,-23.77492,0,0.00465556
-11.95624,5.82836,-23.72745,0,0.00514197
-11.95685,5.82153,-23.71757,0,0.005767355
-11.96315,5.83965,-23.70064,0,0.006432964
-11.96839,5.818,-23.69176,0,0.006827141
-11.9807,5.82573,-23.68624,0,0.006818877
-11.98603,5.83506,-23.69235,93.27222,0.007036814
-11.98516,5.84855,-23.71369,189.4999,0.007385115
-11.9786,5.87791,-23.70724,291.3429,0.007488105
-11.97867,5.88855,-23.71746,326.5125,0.007227016
-11.96103,5.91378,-23.76403,380.5495,0.006670376
-11.95769,5.92006,-23.76742,278.7065,0.006403457
-11.96148,5.91245,-23.75079,150.2645,0.005961176
-11.96058,5.90734,-23.75959,0,0.005552715
-11.96152,5.90354,-23.75675,0,0.00508028
-11.96337,5.90907,-23.76689,0,0.004793284
-11.95174,5.93882,-23.80084,0,0.004773336
-11.94903,5.96296,-23.81385,0,0.00463043999999999
-11.94433,5.99067,-23.82482,0,0.004383605
-11.93288,5.98993,-23.85241,0,0.003911077
-11.92937,5.98933,-23.85712,0,0.003609046
-11.91955,5.98613,-23.87243,0,0.003451348
-11.92511,5.97178,-23.87847,0,0.003393818
-11.91727,5.94336,-23.88335,0,0.003262612
-11.90426,5.95217,-23.91887,0,0.003066458
-11.91047,5.97963,-23.8881,0,0.002905002
-11.91063,5.98689,-23.88571,0,0.002699173
-11.89991,5.97939,-23.90363,0,0.002530483
-11.90419,5.98264,-23.89521,0,0.002317985
-11.91244,5.99228,-23.89122,0,0.002261576
-11.91987,5.99093,-23.88451,0,0.002260946
-11.93007,5.97048,-23.88622,0,0.002684844
-11.94152,5.94742,-23.8748,0,0.003480372
-11.96058,5.95008,-23.8551,0,0.004384816
-11.97743,5.93106,-23.83403,0,0.004921488
-11.99112,5.92567,-23.82077,0,0.005020059
-11.99478,5.94064,-23.82355,0,0.005021378
-12.009,5.95612,-23.81395,0,0.004815243
-12.01584,5.97641,-23.82757,0,0.004322736
-12.03095,5.98538,-23.82655,0,0.003772097
-12.04489,6.00224,-23.83152,0,0.003555631
-12.05934,6.03877,-23.81902,0,0.003636409
-12.06137,6.0408,-23.83086,0,0.0037907
-12.08954,6.03896,-23.81402,0,0.00390931
-12.10341,6.01642,-23.82284,0,0.003977894
-12.12141,6.01987,-23.81969,0,0.003917901
-12.13014,6.03083,-23.83782,0,0.003672825
-12.13749,6.05536,-23.84734,0,0.003484058
-12.13997,6.08461,-23.86111,0,0.00327571600000001
-12.15084,6.10137,-23.84552,0,0.003055683
-12.15438,6.11393,-23.87324,0,0.00284568
-12.17317,6.09809,-23.85856,0,0.002692768
-12.19179,6.09534,-23.83384,0,0.002750321
-12.20068,6.08537,-23.83281,0,0.00301866
-12.19547,6.10573,-23.84634,0,0.003343808
-12.20145,6.10609,-23.83093,0,0.003521973
-12.19369,6.13112,-23.85933,0,0.003458783
-12.20511,6.11839,-23.85184,0,0.003534191
-12.22491,6.12797,-23.84458,0,0.003575023
-12.23319,6.14568,-23.8495,0,0.003412944
-12.25413,6.19163,-23.85223,0,0.003091404
-12.25344,6.22112,-23.89866,0,0.002900008
-12.25616,6.23287,-23.92127,0,0.002936139
-12.26293,6.262,-23.95414,0,0.002827539
-12.27901,6.26701,-23.95974,0,0.00272674
-12.27981,6.30581,-23.98259,0,0.002626882
-12.29168,6.33725,-23.99121,0,0.002729481
-12.29626,6.35782,-24.01289,0,0.002847856
-12.29738,6.40117,-24.01974,0,0.00296493999999999
-12.30158,6.40979,-24.01675,0,0.003064334
-12.30706,6.43093,-24.01343,0,0.003033421
-12.31425,6.44195,-24.01353,0,0.003000914
-12.32048,6.49636,-23.99286,0,0.002886281
-12.33063,6.47178,-23.99204,0,0.0027298
-12.33825,6.47778,-23.99085,0,0.002565019
-12.34123,6.47327,-24.00898,0,0.002449909
-12.35197,6.48006,-23.99828,0,0.002448014
-12.36673,6.4854,-23.98651,0,0.002471493
-12.3818,6.49646,-23.96253,0,0.002514655
-12.38847,6.48552,-23.97724,0,0.002535879
-12.38862,6.47879,-23.97563,0,0.002506732
-12.38809,6.46416,-23.98214,0,0.002340282
-12.391,6.47331,-23.96652,0,0.002203403
-12.40159,6.45449,-23.94853,0,0.002102599
-12.40464,6.47109,-23.94531,0,0.00215241
-12.41252,6.48122,-23.92767,0,0.002189882
-12.40534,6.49306,-23.94379,0,0.002267053
-12.40051,6.4987,-23.95035,0,0.002323319
-12.41325,6.49681,-23.92369,0,0.00234595
-12.41921,6.49383,-23.91907,0,0.002328182
-12.4162,6.4964,-23.93298,0,0.002231615
-12.42144,6.48921,-23.93126,0,0.002157353
-12.43093,6.49027,-23.91537,0,0.002061243
-12.43728,6.48047,-23.91675,0,0.002032728
-12.43892,6.49216,-23.90916,0,0.001986099
-12.43842,6.48278,-23.92134,0,0.00196581
-12.42989,6.50676,-23.92914,0,0.002086842
-12.42388,6.4982,-23.93614,0,0.002267421
-12.42725,6.50024,-23.92353,0,0.002428317
-12.42359,6.49865,-23.9429,0,0.002463099
-12.42319,6.50412,-23.93003,0,0.002453311
-12.4183,6.52095,-23.94081,0,0.002500717
-12.4255,6.53645,-23.9293,0,0.002475194
-12.41889,6.57882,-23.95862,0,0.002465673
-12.41824,6.60499,-23.96225,0,0.002408169
-12.42938,6.566,-23.94942,0,0.002435716
-12.43199,6.55055,-23.95883,0,0.002490313
-12.4248,6.6175,-24.00065,0,0.002518839
-12.4298,6.65014,-24.01299,0,0.002483782
-12.4494,6.64648,-23.98889,0,0.002400956
-12.45385,6.65299,-23.99767,0,0.002399511
-12.44629,6.67171,-24.06094,0,0.002419805
-12.44695,6.68911,-24.07361,0,0.00242565
-12.46149,6.69974,-24.05385,0,0.002436616
-12.46091,6.70672,-24.07874,0,0.002470611
-12.46586,6.72339,-24.07129,0,0.002494761
-12.47282,6.70858,-24.05842,0,0.002455001
-12.4732,6.73116,-24.07833,0,0.002464289
-12.47514,6.72141,-24.07792,0,0.002505481
-12.47402,6.73433,-24.10822,0,0.00248259
-12.48453,6.72156,-24.09973,0,0.002434193
-12.48343,6.7217,-24.10269,0,0.002390711
-12.48876,6.71953,-24.09103,0,0.002436357
-12.49815,6.72025,-24.09008,0,0.002436338
-12.49298,6.71176,-24.11477,0,0.002462741
-12.51073,6.70037,-24.09987,0,0.00248294
-12.51281,6.68573,-24.09256,0,0.00248934
-12.50555,6.69125,-24.12135,0,0.002512962
-12.50546,6.68357,-24.12049,0,0.002559375
-12.49917,6.70315,-24.14521,0,0.002613261
-12.49649,6.69651,-24.12176,0,0.002575008
-12.50036,6.70054,-24.11486,0,0.002481345
-12.51233,6.68826,-24.07526,0,0.002380591
-12.5287,6.69002,-24.05281,0,0.002315328
-12.53396,6.67021,-24.06015,0,0.00226683
-12.54331,6.67474,-24.06377,0,0.002240073
-12.55267,6.67484,-24.06735,0,0.002319316
-12.55029,6.68029,-24.08991,0,0.002523215
-12.56914,6.68946,-24.08417,0,0.002763484
-12.57449,6.69275,-24.11026,0,0.002879202
-12.58075,6.68869,-24.12805,0,0.002830152
-12.59047,6.68496,-24.12012,0,0.002756099
-12.60202,6.70454,-24.10271,0,0.002650129
-12.59932,6.68404,-24.10311,0,0.002475321
-12.59996,6.70118,-24.10506,0,0.002304554
-12.59274,6.70244,-24.10482,0,0.002246039
-12.5913,6.69966,-24.11459,0,0.002324388
-12.58964,6.72509,-24.11547,0,0.002358303
-12.58579,6.73255,-24.1299,0,0.002379545
-12.57823,6.73903,-24.14943,0,0.002431809
-12.56693,6.766,-24.16575,0,0.002502523
-12.56893,6.75387,-24.14926,0,0.002562703
-12.57555,6.73002,-24.13432,0,0.002535871
-12.57551,6.72842,-24.13059,0,0.002561342
-12.58092,6.74643,-24.10422,0,0.002532117
-12.57677,6.74299,-24.12226,0,0.002488956
-12.57017,6.72825,-24.14012,0,0.002421241
-12.56714,6.73686,-24.14767,0,0.002337244
-12.56994,6.72816,-24.13072,0,0.002287744
-12.58412,6.71897,-24.08417,0,0.002198157
-12.59023,6.72308,-24.06735,0,0.00217389
-12.58857,6.71005,-24.05332,0,0.002172903
-12.58184,6.71773,-24.03712,0,0.002276103
-12.5846,6.71021,-24.00924,0,0.002458916
-12.57972,6.71606,-24.01762,0,0.002652194
-12.5808,6.72524,-23.99984,0,0.002801954
-12.57548,6.72315,-24.00394,0,0.002857974
-12.57378,6.72869,-24.0085,0,0.002909634
-12.57937,6.73242,-24.00509,0,0.00288102099999999
-12.57351,6.72987,-24.02857,0,0.002716311
-12.57873,6.70876,-24.01093,0,0.002539554
-12.57179,6.70983,-24.03316,0,0.002415654
-12.59199,6.68789,-23.97895,0,0.002502447
-12.57133,6.72972,-24.02184,0,0.002623867
-12.57511,6.7495,-23.99548,0,0.002803433
-12.56949,6.72667,-24.01933,0,0.003007733
-12.57367,6.75535,-24.01013,0,0.003329322
-12.58266,6.7543,-23.97488,0,0.003578003
-12.57648,6.75319,-24.00496,0,0.003733711
-12.58128,6.73935,-23.98815,0,0.003739749
-12.58338,6.75081,-23.9942,0,0.003706209
-12.57784,6.74894,-24.00575,0,0.003600616
-12.5827,6.73218,-24.00554,0,0.00334594
-12.57522,6.7346,-24.02355,0,0.003164286
-12.57225,6.73397,-24.03954,0,0.002984421
-12.57041,6.74085,-24.0396,0,0.002876839
-12.56395,6.76134,-24.07635,0,0.00278168
-12.54965,6.74467,-24.09422,0,0.00271723
-12.55037,6.76196,-24.09679,0,0.002693253
-12.54432,6.75823,-24.09,0,0.002671536
-12.54485,6.77209,-24.08828,0,0.002616366
-12.53515,6.76156,-24.10488,0,0.002603122
-12.5327,6.74381,-24.09791,0,0.002493428
-12.52674,6.73145,-24.10257,0,0.002456965
-12.52223,6.69046,-24.11425,0,0.002440776
-12.51258,6.69856,-24.12677,0,0.002437931
-12.50988,6.66119,-24.12245,0,0.002475787
-12.50297,6.64785,-24.1199,0,0.00264231
-12.50584,6.6051,-24.09766,0,0.002908396
-12.49567,6.61415,-24.09556,0,0.003095087
-12.49082,6.62211,-24.08971,0,0.003087725
-12.49047,6.62017,-24.06614,0,0.003041465
-12.4934,6.60938,-24.0551,0,0.002995264
-12.47117,6.61181,-24.07784,0,0.00280659
-12.47724,6.5846,-24.03712,0,0.002607867
-12.46162,6.59047,-24.04594,0,0.002487594
-12.45277,6.58689,-24.04399,0,0.00253221
-12.45231,6.59439,-24.0273,0,0.002594823
-12.45192,6.58398,-23.99177,0,0.002609594
-12.43725,6.59717,-24.00734,0,0.002636432
-12.41848,6.58401,-24.02586,0,0.002654144
-12.41478,6.57686,-24.01459,0,0.002625861
-12.40319,6.56518,-24.03271,0,0.002616977
-12.40905,6.57168,-24.01635,0,0.002613631
-12.4039,6.5688,-24.02369,0,0.002615888
-12.4118,6.57987,-24.01161,0,0.00259619
-12.41865,6.55781,-24.00283,0,0.002557915
-12.42167,6.54109,-24.00742,0,0.002607086
-12.42212,6.53276,-23.99757,0,0.002660532
-12.43026,6.51682,-23.97728,0,0.002670398
-12.42428,6.5034,-24.00286,0,0.002613435
-12.41429,6.49888,-24.04019,0,0.002618464
-12.39557,6.48241,-24.06771,0,0.00264749
-12.38462,6.49553,-24.07402,0,0.002625481
-12.37868,6.46968,-24.05988,0,0.002481111
-12.36185,6.43456,-24.06835,0,0.002352423
-12.32362,6.41094,-24.0838,0,0.002286485
-12.2905,6.39027,-24.06154,0,0.002342934
-12.25217,6.34277,-24.02423,0,0.002398426
-12.21316,6.22642,-23.99298,0,0.00243704
-12.19702,6.09301,-23.91451,0,0.00244618
-12.14848,6.02391,-23.90478,0,0.002449902
-12.09448,5.97708,-23.85931,0,0.00247232
-12.04353,5.8173,-23.81097,0,0.002330153
-12.00925,5.68668,-23.72064,0,0.002280944
-11.96378,5.60709,-23.68728,0,0.002284489
-11.92251,5.48329,-23.59359,0,0.002428597
-11.89338,5.39959,-23.50887,0,0.002487084
-11.82828,5.30697,-23.52266,0,0.002518439
-11.78116,5.12844,-23.48154,0,0.002528568
-11.72457,4.94908,-23.5483,0,0.002509876
-11.68447,4.78187,-23.57231,0,0.002485549
-11.65556,4.60138,-23.56919,0,0.002592929
-11.63614,4.43086,-23.59907,0,0.002852346
-11.60123,4.35727,-23.63338,0,0.003132459
-11.56866,4.19391,-23.70328,0,0.003408757
-11.51649,4.05469,-23.82375,95.23809,0.003649461
-11.4898,3.77056,-23.91566,194.1392,0.003912852
-11.45243,3.66611,-24.04544,194.1392,0.004029936
-11.42089,3.55468,-24.13848,98.90109,0.003992945
-11.37928,3.42899,-24.26604,0,0.004518201
-11.35655,3.32732,-24.32968,0,0.005832607
-11.33734,3.17446,-24.40945,0,0.009790403
-11.32744,2.98182,-24.49656,0,0.01611436
-11.30554,2.88521,-24.61227,0,0.02329352
-11.28763,2.8643,-24.73094,0,0.03034216
-11.28443,2.72921,-24.81141,0,0.03761186
-11.29517,2.64521,-24.86628,0,0.04546003
-11.30364,2.55051,-24.94144,0,0.05278368
-11.31142,2.42507,-24.99822,75.11737,0.05793893
-11.32712,2.36546,-25.00924,150.2347,0.0615996
-11.32484,2.2252,-25.05047,224.8305,0.06394442
-11.30048,2.15031,-25.12734,224.3088,0.06549627
-11.29827,2.04277,-25.12443,224.3088,0.06699482
-11.32293,1.97935,-25.13281,224.8305,0.06789842
-11.34985,1.90751,-25.18492,224.8305,0.06885337
-11.38696,1.83619,-25.21536,223.7872,0.06932846
-11.4106,1.79525,-25.29667,222.7439,0.06978419
-11.42362,1.7157,-25.43809,222.2222,0.06978921
-11.47145,1.72129,-25.4697,222.2222,0.06954619
-11.48904,1.70039,-25.59002,222.2222,0.06945959
-11.52957,1.67969,-25.66064,221.7148,0.06977877
-11.56105,1.62847,-25.76619,220.7001,0.07063305
-11.59595,1.60361,-25.87976,219.6854,0.07204617
-11.60241,1.55776,-26.05209,219.1781,0.07367823
-11.63159,1.4457,-26.13951,219.1781,0.07515905
-11.64021,1.2998,-26.26381,219.1781,0.07619376
-11.64888,1.17833,-26.39481,219.1781,0.07693455
-11.66134,1.06901,-26.52258,219.1781,0.0773118200000001
-11.66582,0.97264,-26.63195,219.1781,0.07779984
-11.67049,0.73398,-26.73385,218.6844,0.07889111
-11.66231,0.58148,-26.81814,217.6971,0.08060843
-11.65333,0.53283,-26.82229,216.2294,0.08214905
-11.63478,0.38036,-26.85646,214.7748,0.08307413
-11.63214,0.27069,-26.84299,213.346,0.08348703
-11.64086,0.11303,-26.77113,211.4741,0.08271133
-11.65976,0.00763,-26.63517,209.1831,0.08092276
-11.65174,-0.03617,-26.56454,206.9159,0.07747626
-11.65892,-0.06002,-26.36974,205.1395,0.07334554
-11.69043,-0.17754,-26.13605,203.408,0.068377
-11.72551,-0.23372,-25.86967,201.287,0.06380395
-11.78697,-0.31158,-25.4612,199.1874,0.06067171
-11.85041,-0.36404,-25.13572,197.9424,0.05782504
-11.91546,-0.42258,-24.8489,197.1294,0.05589625
-11.98599,-0.43669,-24.52162,196.3264,0.0545878
-12.06947,-0.43495,-24.16941,195.5234,0.0547624
-12.14694,-0.45819,-23.83638,195.1219,0.05624996
-12.22808,-0.44051,-23.5498,194.7301,0.05662451
-12.31346,-0.39599,-23.23777,193.9465,0.05642213
-12.39966,-0.32539,-22.95861,193.1629,0.05492185
-12.48365,-0.16878,-22.6891,192.7711,0.05354232
-12.56982,-0.11581,-22.38269,192.7711,0.0529495
-12.67034,-0.06833,-22.19145,192.7711,0.05146915
-12.8039,0.04694,-21.91223,192.7711,0.05029781
-12.93491,0.20553,-21.70284,192.7711,0.0492391
-13.03678,0.43992,-21.56026,192.7711,0.04963573
-13.16491,0.50678,-21.31119,192.7711,0.05090665
-13.26002,0.65637,-21.20602,192.7711,0.05194157
-13.36188,0.81473,-21.08441,192.7711,0.05271969
-13.46963,0.96257,-20.89169,192.7711,0.0534567399999999
-13.5597,1.0622,-20.77344,192.7711,0.05407059
-13.63428,1.17601,-20.6238,192.7711,0.05527935
-13.70302,1.28354,-20.47577,192.3886,0.05639595
-13.76108,1.42127,-20.33842,191.6236,0.05754696
-13.79944,1.50604,-20.21781,190.8587,0.05941311
-13.82428,1.55188,-20.08694,190.4762,0.06160753
-13.82948,1.639,-19.9645,190.8587,0.06531221
-13.82992,1.74979,-19.79817,191.6236,0.06881662
-13.85371,1.79372,-19.62481,192.7804,0.0717545500000002
-13.84386,1.91359,-19.57534,193.9465,0.07295548
-13.84498,1.92447,-19.51034,195.1316,0.07238153
-13.88488,1.9397,-19.34363,196.7379,0.07044616
-13.8999,2.07469,-19.22984,198.364,0.06718738
-13.89901,2.11555,-19.17833,200.0104,0.06311453
-13.92355,2.22895,-19.13896,201.2658,0.06008145
-13.93965,2.27759,-19.10457,201.6877,0.05780926
-13.92361,2.46106,-19.0846,200.8543,0.05607597
-13.91972,2.57639,-19.04359,201.3533,0.05466607
-13.88736,2.6221,-19.04532,205.3884,0.05294863
-13.83916,2.76884,-19.09479,212.2063,0.05134245
-13.80389,2.88089,-19.08926,219.3291,0.04897827
-13.75546,2.98608,-19.06712,226.7046,0.04789266
-13.70517,3.10889,-19.01603,235.0612,0.04697784
-13.64625,3.24906,-18.957,243.2826,0.04612966
-13.54458,3.35604,-19.00257,250.1221,0.04424293
-13.47911,3.49948,-18.99864,257.6802,0.04182635
-13.39536,3.64619,-18.99552,267.0872,0.03817352
-13.30404,3.59728,-19.05908,277.0168,0.03378903
-13.2488,3.6145,-19.02351,285.8966,0.03024551
-13.17874,3.67608,-19.02471,292.8332,0.02764369
-13.10972,3.75133,-19.01537,301.2125,0.02627637
-13.02787,3.76391,-19.0712,311.1001,0.02513485
-12.97938,3.80175,-19.08886,321.3802,0.02489565
-12.92725,3.87615,-19.0995,330.0255,0.02504673
-12.88183,4.0541,-19.10676,341.0236,0.02602098
-12.82168,4.17734,-19.18509,356.5538,0.02677388
-12.80283,4.20024,-19.19668,372.7934,0.02701378
-12.76772,4.24767,-19.21988,382.573,0.02600557
-12.74261,4.41632,-19.26225,388.9336,0.024314
-12.71021,4.55945,-19.3266,398.952399999999,0.0217312500000004
-12.7097,4.66555,-19.32255,412.6671,0.01778686
-12.68628,4.85192,-19.36477,429.0616,0.01356407
-12.66955,4.95392,-19.37578,290.51,0.009980989
-12.65689,5.08508,-19.41364,148.2626,0.008080982
-12.63158,5.22327,-19.41526,0,0.007018654
-12.60816,5.24141,-19.46351,0,0.00652932
-12.61873,5.29007,-19.42324,0,0.006070258
-12.60651,5.35876,-19.41774,0,0.005640364
-12.59622,5.38591,-19.38868,0,0.005176907
-12.55459,5.41171,-19.41111,0,0.004786443
-12.51672,5.46655,-19.42824,0,0.004480289
-12.47861,5.49611,-19.46235,0,0.00415773
-12.45996,5.57933,-19.4411,0,0.003862918
-12.45423,5.64488,-19.39022,0,0.00362973
-12.43976,5.6396,-19.3871,0,0.003506615
-12.41927,5.63762,-19.42181,0,0.003422627
-12.40841,5.5482,-19.45551,0,0.003331271
-12.42131,5.51721,-19.44232,0,0.003237424
-12.44694,5.50698,-19.40178,0,0.003116152
-12.46026,5.49853,-19.41885,0,0.003010368
-12.47146,5.48475,-19.42707,0,0.002902404
-12.48047,5.475,-19.43808,0,0.00287802
-12.47827,5.48829,-19.48194,0,0.002887602
-12.4981,5.49759,-19.48622,0,0.002887244
-12.51124,5.51877,-19.51697,0,0.00287641
-12.5217,5.52251,-19.52073,0,0.002833621
-12.52393,5.56437,-19.51818,0,0.002779156
-12.5238,5.57387,-19.52412,0,0.002639445
-12.51908,5.60493,-19.54274,0,0.002527352
-12.52023,5.6157,-19.54404,0,0.002449301
-12.50694,5.61811,-19.58318,0,0.00238057100000001
-12.4866,5.61026,-19.65438,0,0.002356148
-12.4863,5.61717,-19.67048,0,0.002392761
-12.47457,5.64039,-19.6845,0,0.002439817
-12.44771,5.662,-19.72873,0,0.002442161
-12.42445,5.67118,-19.75835,0,0.002439561
-12.4117,5.6989,-19.76505,0,0.002693717
-12.39689,5.69666,-19.7846,0,0.003119869
-12.40099,5.69615,-19.75169,0,0.003566688
-12.38912,5.69955,-19.77004,0,0.00402132300000005
-12.38514,5.68835,-19.78534,0,0.004431971
-12.3742,5.69829,-19.79992,0,0.004744876
-12.34201,5.70625,-19.88723,0,0.004713262
-12.34238,5.68644,-19.90259,0,0.004437165
-12.35305,5.66715,-19.9269,0,0.004066757
-12.38881,5.65789,-19.90213,0,0.00353166
-12.39321,5.61961,-19.91092,0,0.002921972
-12.40513,5.60878,-19.91784,0,0.002452289
-12.43042,5.54749,-19.90703,0,0.002431884
-12.44138,5.54002,-19.93064,0,0.002700729
-12.45371,5.52581,-19.98463,0,0.002948302
-12.48003,5.48995,-20.00149,0,0.003122706
-12.49127,5.48045,-20.05867,0,0.003222239
-12.51265,5.44895,-20.06403,0,0.003279273
-12.54163,5.41054,-20.06348,0,0.003103259
-12.56031,5.38728,-20.06027,0,0.002951258
-12.57308,5.38496,-20.03669,0,0.00286567
-12.56368,5.32918,-20.05477,0,0.002832216
-12.56204,5.29777,-20.05538,161.6162,0.002787572
-12.57077,5.23199,-20.03738,323.2323,0.002732093
-12.5825,5.17369,-19.9796,323.2323,0.002772748
-12.58333,5.1342,-20.00656,161.6162,0.002656569
-12.57527,5.10947,-20.01068,0,0.002562021
-12.56848,5.08205,-20.00837,0,0.002428039
-12.57817,5.034,-19.97794,0,0.00240518
-12.57369,5.02815,-19.98534,0,0.002345873
-12.56848,5.00065,-19.9964,0,0.002363148
-12.57096,4.99401,-19.96726,0,0.002395789
-12.56014,4.95772,-19.98655,0,0.002375652
-12.56503,4.88498,-19.96532,0,0.002314759
-12.54982,4.81505,-19.99055,0,0.002268751
-12.5357,4.79887,-19.99642,0,0.002273149
-12.54744,4.75522,-19.95015,0,0.002204568
-12.54206,4.74541,-19.94887,0,0.002087878
-12.53613,4.73736,-19.9333,0,0.002013218
-12.51336,4.73569,-19.9354,0,0.002037727
-12.51888,4.72504,-19.93481,0,0.002127773
-12.51553,4.69424,-19.93739,0,0.002217262
-12.51059,4.68478,-19.93835,0,0.002302467
-12.51213,4.647,-19.94104,0,0.00241249100000001
-12.51688,4.61651,-19.92973,0,0.002481896
-12.521,4.58874,-19.89968,0,0.002582387
-12.5232,4.52752,-19.86954,0,0.002691337
-12.52385,4.52907,-19.82998,0,0.002819529
-12.52163,4.52222,-19.81203,0,0.002936267
-12.5181,4.50965,-19.81196,0,0.003022057
-12.51212,4.49963,-19.82801,0,0.003067997
-12.5012,4.45868,-19.86295,0,0.003009769
-12.49864,4.43865,-19.86539,0,0.002838189
-12.49155,4.3978,-19.89197,0,0.002636381
-12.49451,4.38777,-19.89937,0,0.002444657
-12.501,4.39347,-19.88591,0,0.002281994
-12.51539,4.40967,-19.84669,0,0.002266895
-12.50525,4.43317,-19.86451,0,0.002392486
-12.50377,4.41983,-19.86258,0,0.002583227
-12.49475,4.43331,-19.88689,0,0.002661729
-12.49768,4.43248,-19.88433,0,0.002622714
-12.49322,4.43349,-19.91041,0,0.002634647
-12.50259,4.4096,-19.91606,0,0.002779329
-12.51824,4.40203,-19.89347,0,0.003017548
-12.50874,4.38473,-19.88157,0,0.003525396
-12.48877,4.3741,-19.9019,0,0.004279707
-12.48278,4.37322,-19.8768,0,0.004987915
-12.48584,4.35909,-19.84062,0,0.005686153
-12.4875,4.33057,-19.81067,0,0.006380447
-12.48196,4.32008,-19.80861,0,0.007051796
-12.48963,4.33724,-19.79584,0,0.007376568
-12.49348,4.33207,-19.79162,0,0.007226326
-12.49862,4.34925,-19.78049,0,0.007120166
-12.51165,4.31061,-19.7487,0,0.006984355
-12.50607,4.32253,-19.76189,0,0.00648174600000006
-12.49732,4.34433,-19.77677,0,0.005877176
-12.48772,4.35686,-19.78046,0,0.005295914
-12.48808,4.39012,-19.78408,0,0.005095889
-12.48209,4.41186,-19.7798,0,0.004918976
-12.47969,4.43878,-19.7504,0,0.004387413
-12.47514,4.47085,-19.71075,0,0.004150793
-12.4767,4.46835,-19.64781,0,0.003962993
-12.46036,4.48811,-19.62208,0,0.004010246
-12.44905,4.49953,-19.5597,0,0.00377357599999998
-12.4322,4.52993,-19.51675,0,0.003602156
-12.40469,4.53127,-19.4438,0,0.003636697
-12.36025,4.54134,-19.39019,0,0.003645542
-12.31998,4.54312,-19.35387,0,0.003789359
-12.30589,4.47216,-19.1972,0,0.003998199
-12.28347,4.40399,-19.11835,0,0.004435237
-12.28446,4.32075,-18.95417,0,0.00457217
-12.28523,4.24364,-18.81397,0,0.004567118
-12.30353,4.273,-18.59888,0,0.004475296
-12.33897,4.20169,-18.40823,0,0.004279207
-12.37982,4.03431,-18.24146,0,0.003972796
-12.40348,3.81778,-18.09755,0,0.003683491
-12.45365,3.73298,-17.8576,0,0.003612364
-12.52095,3.57204,-17.56646,0,0.00369323
-12.5743,3.4045,-17.30954,0,0.003633159
-12.63577,3.23152,-17.04913,0,0.003549577
-12.69189,3.07753,-16.81414,0,0.003632916
-12.80372,2.90916,-16.50162,0,0.004725026
-12.91017,2.72131,-16.21352,0,0.006286668
-13.01419,2.58605,-15.99853,0,0.007970651
-13.11068,2.46857,-15.80765,0,0.00942712
-13.20784,2.37122,-15.65793,0,0.01083137
-13.31096,2.22249,-15.54151,0,0.01206358
-13.39533,2.11401,-15.47982,0,0.01247983
-13.44886,2.01984,-15.50932,0,0.01299904
-13.49296,1.96822,-15.60293,0,0.01632444
-13.52743,1.96845,-15.73104,0,0.02302727
-13.53537,1.96826,-15.94237,111.1111,0.03173136
-13.51679,2.00084,-16.17275,220,0.03940778
-13.47225,2.03043,-16.47815,326.6667,0.04586549
-13.39505,2.09279,-16.80335,322.2222,0.0511720599999995
-13.32171,2.15772,-17.14857,320,0.05471067
-13.22496,2.23714,-17.51794,320,0.05543688
-13.13653,2.31578,-17.82292,321.0884,0.05317261
-13.03209,2.36624,-18.12817,323.2653,0.04912532
-12.9283,2.38989,-18.46189,325.4422,0.04348603
-12.82145,2.35378,-18.80114,326.5306,0.03691078
-12.71909,2.29998,-19.10112,327.6644,0.02959812
-12.64223,2.28058,-19.30475,329.932,0.02187183
-12.57117,2.26845,-19.52429,332.1996,0.0158505599999994
-12.53629,2.25651,-19.58215,331.1111,0.01175996
-12.53909,2.21575,-19.63098,327.7551,0.01012444
-12.55253,2.19164,-19.60906,325.4875,0.009310693
-12.58613,2.13475,-19.53522,325.4422,0.008960762
-12.62185,2.06881,-19.44118,326.5306,0.008862361
-12.66367,1.94793,-19.31028,326.5306,0.008563589
-12.73867,1.71888,-19.04986,217.6871,0.01353111
-12.82872,1.62888,-18.72792,108.8435,0.02296948
-12.9085,1.57058,-18.4187,124.031,0.03469016
-13.00023,1.49258,-18.10106,246.6526,0.04267703
-13.10593,1.42372,-17.75213,367.8647,0.04760325
-13.2192,1.33866,-17.41622,365.0458,0.05173038
-13.32656,1.20826,-17.0615,363.6363,0.05396559
-13.43988,1.10425,-16.69314,363.6363,0.05359365
-13.53896,0.98254,-16.32762,363.6363,0.05123446
-13.65315,0.81935,-15.96764,363.6363,0.04835594
-13.7397,0.71018,-15.65515,363.6363,0.04563518
-13.81768,0.66977,-15.37547,363.6363,0.04241446
-13.87806,0.67665,-15.18289,363.6363,0.03878947
-13.95459,0.6691,-14.97723,363.6363,0.03446266
-13.99417,0.69113,-14.90789,363.6363,0.02960335
-14.02563,0.71802,-14.87728,365.0458,0.02472301
-14.04828,0.79537,-14.90657,366.4552,0.02081462
-14.0446,0.87194,-15.00912,365.1084,0.01754628
-14.02436,0.9386,-15.16339,363.7616,0.01413314
-13.99065,1.00239,-15.3517,362.4148,0.01096693
-13.95406,1.08793,-15.66163,362.4148,0.008856874
-13.90926,1.18253,-15.97064,362.3522,0.0107361
-13.84571,1.28088,-16.35173,363.699,0.01588426
-13.76887,1.39956,-16.72444,370.8898,0.02309568
-13.67602,1.53755,-17.19304,379.758999999999,0.0294514099999994
-13.57223,1.7123,-17.6979,387.2188,0.03418525
-13.48316,1.76228,-18.14443,390.2439,0.03744414
-13.39254,1.78237,-18.54044,390.2439,0.03884877
-13.28888,1.88842,-18.94873,391.8699,0.03861907
-13.20033,1.95776,-19.20763,395.1219,0.03692884
-13.11202,2.03032,-19.4868,398.374,0.03390842
-13.05799,2.12539,-19.67884,400,0.03009501
-13.03106,2.21967,-19.83824,400,0.02638955
-13.00347,2.27325,-19.97386,400,0.0230510299999996
-12.99252,2.27208,-20.03873,400,0.01935989
-12.99451,2.30008,-20.04043,400,0.01483147
-13.03938,2.31548,-19.9284,400,0.01077735
-13.08786,2.29651,-19.79305,266.6667,0.008303724
-13.15905,2.21038,-19.58697,133.3333,0.007732505
-13.22586,2.20346,-19.38041,0,0.01064046
-13.31353,2.22347,-19.09214,0,0.01534243
-13.39176,2.16925,-18.8065,111.1111,0.02126472
-13.47522,2.10642,-18.53175,222.2222,0.02546703
-13.56591,1.93477,-18.2295,332.1996,0.02926263
-13.65963,1.85864,-17.88132,328.8435,0.03241012
-13.74171,1.81374,-17.58791,323.3533,0.03504664
-13.81424,1.82991,-17.32615,315.9781,0.03756084
-13.89194,1.84191,-17.08904,311.8707,0.04042354
-13.97013,1.87964,-16.91403,311.8708,0.04475891
-14.02654,1.88303,-16.82504,306.0007,0.04888774
-14.06961,1.94329,-16.75776,295.2822,0.05298791
-14.10164,1.98733,-16.76987,280.4742,0.05596365
-14.10255,2.01679,-16.82579,267.7369,0.05846575
-14.05646,2.05389,-17.01467,257.4999,0.06045228
-13.97074,2.16349,-17.25021,248.1167,0.06168389
-13.84279,2.27888,-17.56535,244.327,0.06355728
-13.7454,2.37137,-17.7397,240.6514,0.06604641
-13.60179,2.44436,-18.05866,237.6531,0.06892174
-13.45546,2.48866,-18.42239,234.759,0.07047372
-13.31791,2.57145,-18.70292,231.3962,0.07038303
-13.14146,2.60987,-19.08389,227.5606,0.06969116
-12.99987,2.6393,-19.35733,223.3227,0.06864553
-12.86262,2.64873,-19.62215,219.2604,0.0662908
-12.73398,2.6834,-19.82135,215.3079,0.06294491
-12.63258,2.63938,-19.9515,211.9546,0.0602723799999998
-12.53314,2.64101,-20.03795,209.1831,0.05933533
-12.45677,2.65214,-20.07618,206.0612,0.0589313
-12.4214,2.63449,-20.04079,202.1951,0.05739413
-12.39601,2.62063,-19.94402,198.0238,0.05543051
-12.37047,2.59703,-19.85328,194.377,0.05322991
-12.38847,2.56343,-19.69125,191.642,0.05106025
-12.43786,2.52568,-19.43781,189.3734,0.04839507
-12.4737,2.58106,-19.2405,186.8096,0.04520904
-12.5361,2.60987,-18.93447,183.9567,0.0428066
-12.60011,2.63383,-18.63117,181.5014,0.04113766
-12.66638,2.63674,-18.35382,180.4563,0.04057823
-12.73991,2.70945,-18.02267,181.145,0.03987431
-12.81098,2.75094,-17.7491,182.5226,0.03871658
-12.88564,2.77162,-17.44585,183.9161,0.03668743
-12.94811,2.76529,-17.20085,184.9773,0.03433618
-13.03109,2.82745,-16.92849,185.6901,0.03253907
-13.08341,2.88607,-16.78494,186.0465,0.03115093
-13.12912,2.98924,-16.62052,186.0465,0.03091883
-13.17703,3.09932,-16.41974,186.0465,0.03101769
-13.21293,3.18058,-16.29395,186.0465,0.03201928
-13.23582,3.19204,-16.23994,186.0465,0.03292845
-13.24429,3.26916,-16.24912,186.0465,0.03403972
-13.26273,3.34828,-16.27898,186.0465,0.03527046
-13.26991,3.38486,-16.31645,186.0465,0.03651221
-13.27646,3.39907,-16.37659,185.6901,0.03749734
-13.27824,3.39344,-16.48259,184.9773,0.03823861
-13.28953,3.41869,-16.596,184.2645,0.03862973
-13.28201,3.42115,-16.84074,183.908,0.03867906
-13.27355,3.44505,-17.06476,183.908,0.03837819
-13.23725,3.40146,-17.41979,182.8863,0.03826951
-13.21586,3.44226,-17.6887,180.8429,0.0386432299999999
-13.18009,3.43485,-17.97633,178.7995,0.0396114
-13.13975,3.4517,-18.29247,177.4522,0.04108189
-13.07031,3.48438,-18.66514,176.4824,0.042355
-13.02042,3.51368,-19.03537,176.1712,0.04381777
-12.96047,3.51927,-19.39056,177.1627,0.04464075
-12.91076,3.59118,-19.66557,177.2045,0.04527142
-12.87746,3.66767,-19.92304,174.994,0.04522331
-12.81373,3.79653,-20.23799,171.5079,0.04410267
-12.78638,3.87634,-20.41272,169.3169,0.0420481599999997
-12.74566,3.95,-20.59158,168.7197,0.03849623
-12.70468,4.05287,-20.75734,168.421,0.03426384
-12.69312,4.12321,-20.77714,168.421,0.02947185
-12.711,4.16856,-20.72689,168.421,0.02433563
-12.73496,4.28309,-20.60747,168.421,0.02028616
-12.78069,4.38157,-20.41955,168.1286,0.01808037
-12.81849,4.4729,-20.26118,167.5439,0.01814284
-12.88505,4.5152,-20.06027,166.6727,0.01964098
-12.96257,4.54214,-19.79504,165.8076,0.0217574
-13.04605,4.64182,-19.55995,165.2348,0.02416676
-13.14883,4.63387,-19.2948,164.9485,0.02648453
-13.23163,4.64511,-19.0435,164.9485,0.02830182
-13.30816,4.72842,-18.80455,165.2348,0.03008454
-13.37035,4.79573,-18.53989,165.8076,0.03127484
-13.41629,4.85654,-18.36664,166.3803,0.03186948
-13.45307,4.93409,-18.13791,166.9591,0.03175356
-13.47725,4.97087,-17.93313,167.2514,0.03105503
-13.47948,5.00888,-17.80675,167.2515,0.03002679
-13.45083,5.022,-17.73312,166.6727,0.02856541
-13.42249,5.07081,-17.62606,165.8076,0.02745985
-13.37494,5.17715,-17.60946,165.2348,0.02705731
-13.30015,5.21863,-17.67058,164.9485,0.02727924
-13.21985,5.21245,-17.77031,164.9485,0.02785846
-13.16919,5.20279,-17.78451,164.6679,0.02863276
-13.10351,5.22429,-17.85264,164.1069,0.0291538
-13.03815,5.28932,-17.89506,163.271,0.02939109
-12.95564,5.3256,-17.97099,162.4407,0.02924074
-12.87572,5.39074,-18.07975,161.891,0.02923411
-12.78504,5.39929,-18.28333,161.6161,0.02926365
-12.72105,5.44445,-18.44899,161.891,0.0294137
-12.67214,5.48495,-18.58905,162.4407,0.0301891299999999
-12.60688,5.55403,-18.76357,163.271,0.03122182
-12.57735,5.60737,-18.84866,164.1069,0.03245809
-12.53807,5.68313,-18.95136,165.8504,0.03299567
-12.49994,5.72466,-19.08171,169.1259,0.03288901
-12.45621,5.78916,-19.24691,174.8197,0.03216371
-12.42327,5.83292,-19.34656,181.3995,0.03089994
-12.40329,5.90478,-19.41207,185.4456,0.0292483
-12.39193,5.94079,-19.45505,187.9406,0.02841668
-12.38309,5.98445,-19.46693,192.347900000001,0.02852673
-12.36824,6.04814,-19.46526,199.5881,0.02921843
-12.35693,6.05901,-19.45372,206.1362,0.02895474
-12.36066,6.06299,-19.42228,210.1076,0.0280051
-12.36659,6.0745,-19.37,212.9156,0.02687981
-12.40589,6.06603,-19.2653,218.4476,0.02420486
-12.42957,6.08246,-19.20089,225.1868,0.01986536
-12.47311,6.12199,-19.09715,232.7877,0.01537354
-12.50211,6.15442,-19.03297,239.5873,0.01217858
-12.54562,6.17143,-18.93358,161.7242,0.01022145
-12.58529,6.20843,-18.84825,82.05128,0.0085148
-12.61926,6.22337,-18.75531,0,0.00698489
-12.64773,6.24365,-18.66042,0,0.006158179
-12.67099,6.23678,-18.59312,0,0.005365076
-12.70838,6.21736,-18.47664,0,0.00510923
-12.72142,6.22892,-18.44304,0,0.004714082
-12.73884,6.22741,-18.37783,83.33333,0.004501843
-12.76386,6.20314,-18.2817,168.7158,0.004287239
-12.78429,6.21239,-18.18266,168.7158,0.004348114
-12.78687,6.15722,-18.16014,85.38251,0.004392179
-12.78662,6.14087,-18.1398,0,0.004356284
-12.79992,6.11022,-18.08715,0,0.004259361
-12.80645,6.12372,-18.06328,0,0.004120722
-12.8097,6.14329,-18.05846,0,0.003887917
-12.80736,6.24213,-18.05501,0,0.003575343
-12.79329,6.22097,-18.08553,0,0.003519462
-12.80577,6.26999,-18.04601,0,0.003457853
-12.79682,6.21307,-18.07908,0,0.003492367
-12.80588,6.25116,-18.05803,0,0.003406129
-12.79539,6.29361,-18.08278,0,0.003513619
-12.77547,6.34428,-18.12122,0,0.003533735
-12.76059,6.34988,-18.1778,0,0.00332676500000002
-12.76509,6.33387,-18.19181,0,0.003126994
-12.7747,6.30567,-18.1764,0,0.00300593
-12.76227,6.29641,-18.21921,0,0.002998024
-12.75357,6.28259,-18.23322,0,0.002919412
-12.75673,6.25497,-18.23936,0,0.002835166
-12.76164,6.23467,-18.26886,0,0.002871669
-12.7626,6.21429,-18.30435,0,0.002901381
-12.76267,6.18742,-18.3574,0,0.002822502
-12.76149,6.16972,-18.42029,0,0.00272642899999999
-12.75109,6.13835,-18.50203,0,0.002621754
-12.76892,6.15018,-18.51357,0,0.002583261
-12.78991,6.14135,-18.50687,0,0.002436392
-12.79999,6.13967,-18.55674,0,0.002306509
-12.81016,6.08292,-18.6078,0,0.002221659
-12.82632,5.98789,-18.62106,0,0.002161677
-12.83757,5.93896,-18.66581,0,0.002104043
-12.84278,5.91954,-18.69551,0,0.002030075
-12.86169,5.9325,-18.71799,0,0.002005219
-12.87399,5.93743,-18.71573,0,0.001985213
-12.86745,5.9656,-18.78034,0,0.002017106
-12.86895,5.98171,-18.81101,0,0.002072179
-12.88829,5.96586,-18.80841,0,0.002163479
-12.90233,5.95672,-18.80724,0,0.002252812
-12.90759,5.94763,-18.83383,0,0.002323663
-12.91943,5.94788,-18.85527,0,0.002369927
-12.92126,5.93483,-18.89014,0,0.002409261
-12.9464,5.93204,-18.86656,0,0.002394446
-12.95235,5.92483,-18.88037,0,0.002371718
-12.97985,5.92891,-18.83951,0,0.002300349
-12.99958,5.92742,-18.81174,0,0.002301462
-13.00818,5.90223,-18.81948,0,0.002326467
-13.0296,5.87172,-18.78835,0,0.002374264
-13.03832,5.86113,-18.79711,0,0.002415653
-13.05279,5.85987,-18.77147,0,0.00241802
-13.06397,5.86859,-18.75295,0,0.002478136
-13.06569,5.81719,-18.75427,0,0.00251646
-13.07398,5.80176,-18.72138,0,0.002568666
-13.07066,5.82624,-18.72593,0,0.002524856
-13.06901,5.82364,-18.71184,0,0.002498851
-13.05681,5.81496,-18.75677,0,0.00257859599999999
-13.04906,5.80117,-18.75962,0,0.002719746
-13.04936,5.79278,-18.76273,0,0.002862187
-13.04889,5.76571,-18.7581,0,0.002968145
-13.02841,5.78952,-18.81532,0,0.003067085
-13.02721,5.77893,-18.81425,0,0.00316019
-13.02114,5.76872,-18.81885,0,0.003164112
-13.01457,5.75925,-18.81482,0,0.003040756
-13.00649,5.75736,-18.81786,0,0.002848381
-13.00771,5.7468,-18.80823,0,0.002617589
-12.99791,5.73466,-18.82517,0,0.002490486
-13.00501,5.72085,-18.79121,0,0.002394172
-12.99878,5.71676,-18.78164,0,0.002380402
-12.99563,5.70961,-18.76713,0,0.002388099
-12.98953,5.71132,-18.77559,0,0.002488388
-12.99585,5.71517,-18.7415,0,0.002579251
-13.00413,5.67933,-18.71689,0,0.002614533
-13.00894,5.6709,-18.68974,0,0.002573882
-13.01343,5.65726,-18.67655,0,0.002457041
-13.00839,5.66704,-18.68411,0,0.002475096
-13.00903,5.67146,-18.67865,0,0.002446666
-13.01679,5.66661,-18.66359,0,0.002487441
-13.03983,5.62539,-18.64046,0,0.002413944
-13.05014,5.59336,-18.63073,0,0.002369166
-13.05759,5.5852,-18.63246,0,0.002343405
-13.05991,5.57566,-18.64241,0,0.002381685
-13.07199,5.59503,-18.58655,0,0.002552945
-13.04796,5.59805,-18.6073,0,0.002712885
-13.0468,5.60582,-18.56088,0,0.002862812
-13.03304,5.56311,-18.53958,0,0.002955897
-13.01837,5.54436,-18.55711,0,0.003084124
-13.00258,5.54641,-18.58186,0,0.003150589
-12.98819,5.47597,-18.62151,0,0.00312444
-12.97803,5.44356,-18.62743,0,0.003068129
-12.97739,5.39461,-18.62744,0,0.003016315
-12.97206,5.35522,-18.623,0,0.00301806
-12.97331,5.34506,-18.61065,85.26784,0.002966756
-12.96207,5.35789,-18.63658,174.1154,0.002838595
-12.9503,5.38307,-18.6706,174.1154,0.002720044
-12.94676,5.37855,-18.67756,88.84759,0.002655662
-12.93088,5.35991,-18.70866,0,0.002704178
-12.92567,5.36394,-18.69357,0,0.002723196
-12.91762,5.34329,-18.69757,0,0.002843006
-12.92115,5.33341,-18.67257,0,0.002990552
-12.91677,5.31893,-18.66419,0,0.003134144
-12.91706,5.32635,-18.63314,0,0.003108584
-12.91813,5.31424,-18.62111,0,0.003079395
-12.91318,5.29563,-18.62972,0,0.003069228
-12.9226,5.26549,-18.5831,0,0.002996032
-12.9313,5.24748,-18.56432,0,0.002819609
-12.9379,5.25018,-18.56067,0,0.002625826
-12.9327,5.23804,-18.57913,0,0.002573509
-12.94314,5.2384,-18.55784,0,0.002665046
-12.94985,5.24238,-18.56309,0,0.002773923
-12.94462,5.244,-18.57892,0,0.002876065
-12.93841,5.25625,-18.6223,0,0.002904046
-12.93628,5.26766,-18.5913,0,0.002915737
-12.93279,5.19832,-18.59832,0,0.002932028
-12.9421,5.1558,-18.55617,0,0.002833972
-12.93046,5.12768,-18.56396,0,0.002741117
-12.92734,5.12029,-18.55713,0,0.002584068
-12.92419,5.11081,-18.55319,0,0.002545194
-12.91437,5.1004,-18.55163,0,0.002534082
-12.90344,5.10078,-18.58503,0,0.00262969
-12.90051,5.06067,-18.56924,0,0.002727049
-12.8965,5.0616,-18.53086,0,0.002789296
-12.89637,5.07593,-18.50196,0,0.002797174
-12.88127,5.06816,-18.51337,0,0.002784737
-12.85984,5.08035,-18.56369,0,0.002772498
-12.87073,5.06492,-18.54243,0,0.00265544
-12.87393,5.02396,-18.53959,0,0.002497936
-12.87066,4.9934,-18.55288,0,0.002383128
-12.86978,4.95809,-18.55734,0,0.002349685
-12.8741,4.95876,-18.56066,0,0.002341884
-12.87143,4.93005,-18.58709,0,0.002307343
-12.8662,4.90622,-18.60601,0,0.002366778
-12.85713,4.92569,-18.62038,0,0.002445866
-12.85382,4.92703,-18.611,0,0.00259398
-12.8453,4.92599,-18.62964,0,0.002668627
-12.84014,4.91353,-18.64622,0,0.002770105
-12.84637,4.93384,-18.64348,0,0.002870649
-12.84373,4.95189,-18.63649,0,0.002941536
-12.8344,4.96227,-18.65063,0,0.002967962
-12.81802,4.96747,-18.68007,0,0.002962596
-12.81421,4.99982,-18.70684,0,0.003008906
-12.80739,5.03023,-18.71912,0,0.003139186
-12.81355,4.99953,-18.71908,0,0.003186505
-12.79032,4.93528,-18.72147,0,0.003166005
-12.75149,4.88788,-18.68803,0,0.003080577
-12.70618,4.79443,-18.67738,0,0.002909334
-12.68552,4.73374,-18.66012,0,0.002786851
-12.69275,4.60727,-18.60295,0,0.00258995300000003
-12.69537,4.38621,-18.60707,0,0.002499211
-12.69724,4.16563,-18.62808,0,0.002429884
-12.71464,3.83487,-18.57912,0,0.002516349
-12.72817,3.43887,-18.5263,0,0.002609703
-12.77274,3.02322,-18.42786,0,0.002651051
-12.7651,2.62457,-18.38396,0,0.00259294
-12.76852,2.19648,-18.37371,0,0.002546783
-12.77181,1.80032,-18.34535,0,0.002503663
-12.79968,1.32289,-18.30142,0,0.002494787
-12.81198,0.8864,-18.3664,0,0.002544814
-12.81644,0.46958,-18.42312,0,0.002563114
-12.84604,0.08733,-18.52627,0,0.002625762
-12.8962,-0.29501,-18.62152,0,0.002692743
-12.93974,-0.73361,-18.78081,0,0.002809176
-12.97124,-1.10728,-18.95837,0,0.002824506
-13.01434,-1.46319,-19.12128,0,0.002771036
-13.03544,-1.76796,-19.27203,0,0.002751281
-13.03848,-1.9901,-19.49637,0,0.00294890700000072
-13.05301,-2.31754,-19.64864,0,0.009089275
-13.0548,-2.57391,-19.80314,0,0.01989996
-13.05416,-2.86236,-19.91384,100.6289,0.03444409
-13.01471,-3.15279,-20.08179,201.2579,0.04714219
-12.97658,-3.48249,-20.23437,302.8544,0.05946516
-12.91721,-3.67625,-20.35842,306.8408,0.07295107
-12.82383,-3.89944,-20.56492,313.967,0.08540671
-12.74289,-4.13387,-20.64095,322.3478,0.09553038
-12.6652,-4.36066,-20.7548,330.0255,0.1005237
-12.57956,-4.60755,-20.90285,335.7456,0.1012546
-12.49842,-4.82565,-21.00582,338.0614,0.09741553
-12.41415,-5.09248,-21.03153,335.7456,0.08950516
-12.34093,-5.30598,-21.09006,330.0256,0.07760463
-12.28622,-5.56509,-21.10559,326.6213,0.06230206
-12.24369,-5.75449,-21.1761,327.7551,0.0476408
-12.22942,-5.89198,-21.21946,331.1111,0.03510139
-12.23398,-5.99501,-21.22634,333.3333,0.02714629
-12.22519,-6.11164,-21.34088,222.2222,0.02090136
-12.25078,-6.21652,-21.43375,111.1111,0.01736068
-12.2808,-6.35836,-21.42811,0,0.01504378
-12.31543,-6.50051,-21.39733,0,0.01388764
-12.35178,-6.68732,-21.43862,111.1111,0.01265367
-12.39383,-6.90679,-21.42493,222.2222,0.0115327
-12.44403,-7.09654,-21.3688,222.2222,0.01310965
-12.48996,-7.35903,-21.26717,111.1111,0.02157434
-12.52524,-7.52422,-21.18208,0,0.04026812
-12.577,-7.75816,-21.11161,106.6667,0.0665955
-12.61008,-7.93883,-21.00213,213.3333,0.09248517
-12.65889,-8.15272,-20.92843,318.9543,0.1126199
-12.71722,-8.29298,-20.8404,315.8572,0.1256637
-12.80183,-8.46082,-20.7295,311.7546,0.1349764
-12.8883,-8.76499,-20.52278,307.7302,0.1389748
-12.97498,-8.84068,-20.4462,304.7895,0.1375862
-13.05539,-8.88919,-20.35008,302.8544,0.131698
-13.15781,-9.00938,-20.24691,300.955,0.1242294
-13.25956,-9.09594,-20.14141,299.0916,0.117471
-13.37713,-9.26216,-20.01435,297.228,0.1098691
-13.50096,-9.34327,-19.88859,297.2281,0.1017715
-13.62118,-9.32903,-19.84273,299.0915,0.09378359
-13.72673,-9.41898,-19.73717,300.955,0.08655202
-13.80795,-9.44093,-19.63601,302.8544,0.08010662
-13.88442,-9.59424,-19.52318,304.7896,0.07471484
-13.91894,-9.71718,-19.40685,307.7302,0.0708412
-13.9411,-9.75376,-19.31816,310.7089,0.06923089
-13.95689,-9.90228,-19.25936,311.7144,0.06743685
-13.97842,-9.98861,-19.15962,311.7144,0.06566162
-14.01586,-10.03695,-19.09573,312.7602,0.06604913
-14.05758,-10.02957,-19.04035,315.8572,0.06953871
-14.09794,-9.93356,-19.07008,317.9085,0.07539373
-14.13875,-9.76249,-19.06881,315.8572,0.07820743
-14.19533,-9.63287,-19.0393,311.7546,0.07780057
-14.25007,-9.53688,-19.03509,307.7302,0.07564805
-14.32356,-9.46762,-19.03323,302.094100000002,0.0720528400000011
-14.39956,-9.41952,-19.0126,293.9327,0.06636057
-14.47753,-9.38212,-18.98611,285.0968,0.05733778
-14.54054,-9.31911,-18.9629,279.9239,0.04919639
-14.59638,-9.34899,-19.01508,278.2819,0.04234756
-14.65517,-9.34072,-19.009,280.881,0.03588656
-14.71237,-9.30523,-19.01495,286.8858,0.02841089
-14.75397,-9.28516,-18.97086,293.8224,0.02209529
-14.79691,-9.28763,-19.02703,198.4626,0.01765012
-14.81969,-9.30099,-19.02893,99.6971800000226,0.0149813900000006
-14.83654,-9.26498,-18.9504,0,0.01267513
-14.84113,-9.20365,-18.91689,0,0.01121152
-14.83551,-9.12195,-18.9378,0,0.01020338
-14.82494,-9.07314,-18.91541,0,0.009494529
-14.79931,-9.08018,-18.93902,0,0.009303215
-14.76494,-9.00799,-18.9384,0,0.010816
-14.71987,-8.88334,-19.04163,0,0.01512898
-14.66468,-8.78513,-19.1208,80.80808,0.02197871
-14.60484,-8.67383,-19.19448,161.013100000018,0.0290996000000015
-14.54055,-8.54005,-19.22494,238.9093,0.03502281
-14.46206,-8.48335,-19.35034,234.8438,0.04023552
-14.40386,-8.44599,-19.4339,232.5018,0.04499726
-14.35573,-8.35246,-19.49907,233.0369,0.04809304
-14.2928,-8.24616,-19.5998,234.1574,0.04795057
-14.2351,-8.20117,-19.66411,156.2944,0.04513637
-14.17822,-8.21044,-19.71892,77.86302,0.04126303
-14.11689,-8.16769,-19.74143,0,0.03630425
-14.07304,-8.09011,-19.78913,0,0.0297208899999986
-14.0275,-8.04646,-19.83989,0,0.02359424
-13.98928,-7.87653,-19.88195,0,0.02005846
-13.95891,-7.79111,-19.8967,0,0.01968863
-13.92126,-7.76273,-19.95405,0,0.0206353
-13.87582,-7.76806,-20.03881,0,0.02140116
-13.84778,-7.73252,-20.02257,0,0.02178106
-13.82451,-7.54197,-20.04274,74.07407,0.02082505
-13.81549,-7.35164,-20.12639,147.6408,0.01908091
-13.82955,-7.23473,-20.22214,147.6408,0.01705022
-13.84164,-7.02959,-20.37731,73.56671,0.01514612
-13.89169,-6.87818,-20.46991,0,0.01389588
-13.94441,-6.62839,-20.60479,0,0.01282963
-14.0022,-6.40662,-20.79236,0,0.01228252
-14.07498,-6.13347,-20.89635,0,0.01188505
-14.1597,-5.88147,-20.97648,0,0.01177459
-14.2233,-5.60386,-21.17493,0,0.01200114
-14.30223,-5.27688,-21.27429,0,0.01217513
-14.36677,-4.95575,-21.39688,0,0.01218795
-14.43331,-4.68868,-21.46271,0,0.01193972
-14.4923,-4.45495,-21.53982,0,0.01149919
-14.53296,-4.18972,-21.66486,0,0.01098889
-14.58837,-3.90627,-21.65994,0,0.01049146
-14.62689,-3.58558,-21.71351,0,0.01032443
-14.67132,-3.38193,-21.74487,0,0.01148952
-14.71663,-3.08451,-21.75282,0,0.01479738
-14.75574,-2.81615,-21.79989,86.02151,0.01967957
-14.80062,-2.58372,-21.83938,175.0093,0.02537185
-14.83172,-2.29162,-21.90204,267.7699,0.03055237
-14.90614,-2.07229,-21.93278,276.1511,0.03546092
-14.9751,-1.79921,-21.99164,283.2672,0.03956062
-15.06194,-1.50548,-22.05339,288.3741,0.04286151
-15.15509,-1.27998,-22.12252,293.6686,0.04483094
-15.24415,-1.01439,-22.26696,299.1613,0.04511439
-15.31715,-0.78225,-22.46751,303.8578,0.04392387
-15.40492,-0.5189,-22.62206,306.7247,0.04170386
-15.47704,-0.27326,-22.78104,307.6923,0.03867783
-15.53563,-0.07874,-23.00239,307.6923,0.03483635
-15.55449,0.13097,-23.27758,306.7247,0.03098028
-15.6015,0.23662,-23.43902,304.7895,0.02780654
-15.61653,0.38193,-23.69386,302.8544,0.02608324
-15.60099,0.50688,-23.93633,301.8868,0.02488725
-15.6033,0.6396,-24.12463,301.8868,0.02438746
-15.57423,0.8162,-24.3866,301.8868,0.02393218
-15.54147,0.94097,-24.57804,301.8868,0.02345284
-15.50456,1.11038,-24.75095,300.955,0.02254541
-15.46876,1.29513,-24.91379,299.0916,0.02134291
-15.4146,1.39894,-25.06849,297.228,0.02172731
-15.36386,1.57149,-25.16525,295.3984,0.0243465
-15.31396,1.73521,-25.26539,289.5623,0.02850525
-15.27435,1.89355,-25.29607,278.252,0.03290711
-15.24602,2.03236,-25.32563,265.7233,0.03703845
-15.20333,2.14931,-25.36775,255.5261,0.04130569
-15.16374,2.29221,-25.39063,247.122300000002,0.0449571099999993
-15.12454,2.49764,-25.42579,236.9605,0.04728233
-15.12325,2.55122,-25.37651,225.8458,0.04808469
-15.14338,2.67111,-25.28625,215.6374,0.04740277
-15.15772,2.77414,-25.22092,206.3442,0.04546174
-15.17755,2.84534,-25.14011,198.2278,0.04333105
-15.19942,2.97964,-25.10837,190.7199,0.04142466
-15.23191,3.10019,-25.00534,183.7842,0.03909163
-15.25526,3.14047,-24.88415,177.9425,0.0367212
-15.26574,3.21879,-24.76869,173.955000000001,0.0343218600000005
-15.28089,3.29807,-24.63904,171.751,0.03265176
-15.30387,3.31245,-24.47767,170.232,0.02988323
-15.31048,3.34909,-24.38718,169.94,0.02546048
-15.32011,3.37943,-24.25016,171.8112,0.02045036
-15.31689,3.4489,-24.11776,174.2859,0.01550275
-15.33673,3.46095,-23.93005,175.2013,0.01267967
-15.33403,3.45668,-23.78461,174.5571,0.01142721
-15.33746,3.5077,-23.66581,174.8901,0.0116379
-15.34794,3.53793,-23.48467,176.844200000001,0.0127323900000003
-15.36648,3.53545,-23.34206,185.3654,0.01433333
-15.3788,3.52225,-23.2165,126.4173,0.01691339
-15.40042,3.54147,-23.06165,66.49223,0.01899104
-15.41966,3.54049,-22.93802,0,0.02113749
-15.44796,3.48876,-22.81805,0,0.02276358
-15.4722,3.43442,-22.73358,0,0.02387088
-15.51355,3.41541,-22.62365,0,0.0236837
-15.56839,3.41612,-22.4942,0,0.02242368
-15.61883,3.42376,-22.38254,59.25926,0.02117272
-15.65086,3.41653,-22.3017,118.8514,0.0192823
-15.70427,3.38539,-22.16363,178.7765,0.01720709
-15.75336,3.39275,-22.08749,179.1095,0.01464644
-15.82478,3.41762,-22.00555,178.7765,0.01286462
-15.88314,3.43462,-21.96158,178.4436,0.01146843
-15.96981,3.43984,-21.86372,178.7765,0.01002483
-16.02112,3.51966,-21.8566,179.4424,0.008413761
-16.06534,3.68706,-21.85538,179.7753,0.007008197
-16.11269,3.7988,-21.88785,181.5588,0.006264337
-16.15906,3.88342,-21.93427,183.3422,0.005905833
-16.1931,3.96468,-22.01062,183.0093,0.005603643
-16.22801,4.05307,-22.04886,180.8929,0.005279371
-16.23683,4.22541,-22.13186,119.1843,0.005092412
-16.23901,4.34857,-22.22084,59.59217,0.005060589
-16.22466,4.42617,-22.32733,0,0.004949873
-16.18774,4.5508,-22.45981,0,0.00481522
-16.16031,4.65115,-22.57799,0,0.004768521
-16.12811,4.66588,-22.64053,0,0.004840044
-16.10921,4.72657,-22.67426,0,0.00478366
-16.07223,4.77813,-22.71863,0,0.004589652
-16.02518,4.89617,-22.79824,0,0.004369352
-15.97924,4.96455,-22.82787,0,0.004241918
-15.91136,5.01853,-22.91714,0,0.004130989
-15.84818,5.06837,-23.02427,0,0.00554849
-15.81262,5.14429,-23.06426,0,0.009762236
-15.78099,5.17099,-23.05931,60.16225,0.01590054
-15.76489,5.16218,-23.02573,121.7608,0.02212243
-15.74495,5.19047,-22.97143,197.7227,0.02655557
-15.71749,5.27145,-22.99335,226.4494,0.03022988
-15.70028,5.34456,-23.01648,253.7397,0.03292212
-15.68836,5.42935,-22.99752,267.42,0.03421832
-15.73091,5.47522,-22.90093,269.7058,0.03393772
-15.74568,5.53948,-22.94385,272.771,0.03248355
-15.77695,5.60271,-22.92289,275.8894,0.03071453
-15.81859,5.71247,-22.88438,279.1173,0.02851897
-15.86486,5.82514,-22.78862,282.4014,0.02604754
-15.89236,5.9664,-22.74919,285.7446,0.02408873
-15.93202,6.08076,-22.64837,288.3116,0.02251766
-15.95858,6.16882,-22.59639,290.9411,0.02133502
-15.97606,6.29832,-22.57117,294.5344,0.02030551
-16.01512,6.49732,-22.522,299.1613,0.01984871
-16.05438,6.56627,-22.44399,303.8578,0.0199652
-16.11458,6.65174,-22.36813,306.7247,0.01996622
-16.15111,6.76211,-22.31859,306.7247,0.0205931699999998
-16.1857,6.8783,-22.29862,303.8578,0.02214534
-16.23656,6.93914,-22.1787,298.2954,0.02452529
-16.24361,6.98251,-22.13962,291.1016,0.02627449
-16.25316,7.02678,-22.08146,282.6325,0.02675641
-16.28523,7.04496,-21.99118,273.791,0.02617431
-16.30844,7.05269,-21.89791,264.7708,0.02456643
-16.32692,7.04328,-21.84987,260.4072,0.021543
-16.35816,6.98985,-21.79463,262.6424,0.01728798
-16.39738,6.94403,-21.74101,273.739699999997,0.0132207400000008
-16.44018,6.94009,-21.69421,289.4394,0.01051451
-16.47772,6.92302,-21.62664,299.7086,0.009718475
-16.50948,6.92427,-21.5437,299.3952,0.01092507
-16.52701,6.90846,-21.51228,288.0592,0.01365761
-16.5536,6.90545,-21.50628,266.9266,0.01706668
-16.58437,6.90719,-21.50531,240.9357,0.01972875
-16.61186,6.9237,-21.51056,216.9238,0.02165627
-16.64658,6.93159,-21.51692,200.8927,0.02306992
-16.69533,6.95952,-21.47276,193.097599999998,0.0242643300000002
-16.74141,6.99171,-21.46042,186.8516,0.02514914
-16.78527,7.06518,-21.42454,182.9428,0.0257417
-16.8271,7.08107,-21.40704,179.4961,0.02616952
-16.87682,7.1047,-21.376,176.8154,0.02625097
-16.90212,7.14191,-21.38502,175.5127,0.02572407
-16.92124,7.17612,-21.38302,175.1871,0.02440826
-16.94854,7.20491,-21.35166,175.5056,0.02213643
-16.95586,7.20547,-21.35609,178.6486,0.01907758
-16.96103,7.22629,-21.37648,182.472100000001,0.0156520899999993
-16.96314,7.24411,-21.36867,185.9131,0.0129721
-16.96987,7.24704,-21.36555,187.9727,0.01143612
-16.98094,7.24434,-21.33056,190.209,0.01089577
-16.97635,7.24608,-21.33427,197.1178,0.01067861
-16.98999,7.20605,-21.2768,205.6978,0.01048995
-16.98119,7.21999,-21.2641,209.5863,0.01024351
-16.97335,7.1961,-21.2564,204.8948,0.01002303
-16.97581,7.21611,-21.22628,194.1984,0.01045532
-16.97445,7.16875,-21.19195,189.9037,0.01175156
-16.96704,7.102,-21.17452,195.8249,0.01338298
-16.96086,7.07378,-21.18959,203.3381,0.01449692
-16.96334,7.04155,-21.17336,204.9301,0.01491804
-16.95676,7.01268,-21.16829,198.2706,0.01500026
-16.93094,7.01484,-21.22805,191.3972,0.01451331
-16.90764,6.92354,-21.28399,186.5139,0.01311531
-16.88056,6.8373,-21.35637,182.9109,0.01117762
-16.86836,6.76632,-21.36343,181.8657,0.009688047
-16.84966,6.76025,-21.42099,182.9109,0.009265783
-16.84676,6.78049,-21.43559,186.1221,0.009913258
-16.81122,6.78442,-21.51553,189.4088,0.01127921
-16.79188,6.82358,-21.56027,192.0421,0.01283275
-16.76283,6.87361,-21.6212,194.348,0.01409317
-16.74295,6.92898,-21.69697,195.9346,0.01471316
-16.7131,7.03596,-21.80755,195.9536,0.01486522
-16.69628,7.14301,-21.90687,194.0035,0.01424608
-16.6838,7.22967,-21.97775,191.2785,0.01291441
-16.6722,7.3011,-22.035,190.905,0.01106787
-16.65936,7.43261,-22.06289,127.4129,0.009408554
-16.61031,7.54961,-22.11542,64.29436,0.008348203
-16.59895,7.59402,-22.09723,0,0.008415687
-16.59489,7.67126,-22.10051,0,0.008981012
-16.56983,7.71231,-22.14441,0,0.009480231
-16.56182,7.79586,-22.11423,0,0.009578855
-16.55552,7.82937,-22.09014,72.07207,0.0111731
-16.5627,7.83284,-22.04827,141.8634,0.01291194
-16.57376,7.80792,-22.00573,141.8634,0.01464098
-16.58013,7.79534,-21.9869,136.7139,0.01504366
-16.58369,7.76443,-21.97659,137.7063,0.01601454
-16.5951,7.74809,-21.9735,137.7063,0.01757392
-16.61148,7.70337,-21.99479,70.78369,0.01866157
-16.63449,7.65552,-21.97429,0,0.02011108
-16.62872,7.63911,-21.99217,0,0.02141131
-16.62633,7.60628,-21.9841,83.33333,0.02362866
-16.61985,7.60158,-21.98949,166.0256,0.02538664
-16.59982,7.56586,-22.04348,248.0769,0.02668359
-16.58749,7.56572,-22.08487,247.4359,0.02699439
-16.5912,7.54215,-22.06237,248.0769,0.02662229
-16.58197,7.53562,-22.08121,250.0203,0.02597273
-16.57945,7.50112,-22.08468,252.6668,0.02538973
-16.56233,7.48038,-22.1135,255.355,0.02493343
-16.55704,7.49977,-22.11323,257.3818,0.02450896
-16.54614,7.44142,-22.14039,258.0645,0.02436624
-16.54967,7.49341,-22.10399,258.0645,0.0242294900000001
-16.53407,7.43344,-22.10927,258.0645,0.02384805
-16.53047,7.43607,-22.10885,257.3818,0.02277189
-16.53579,7.39633,-22.08274,256.0164,0.02131
-16.54629,7.36178,-22.08812,253.9896,0.02003422
-16.54687,7.35342,-22.07624,250.7215,0.01895476
-16.54223,7.36618,-22.06871,245.1168,0.01814398
-16.53722,7.37346,-22.03617,236.2991,0.01749536
-16.53898,7.34452,-21.99788,226.3136,0.01696771
-16.55409,7.27512,-21.93767,216.151100000002,0.0161071000000002
-16.57249,7.25058,-21.87567,206.8278,0.0147554
-16.5975,7.2061,-21.81058,134.7425,0.01338695
-16.62603,7.1542,-21.79009,65.85366,0.01206592
-16.63608,7.07865,-21.80473,53.33333,0.0106988
-16.65721,6.98698,-21.77479,106.4026,0.009487658
-16.68337,6.95776,-21.7084,164.5513,0.008819583
-16.71582,6.92125,-21.6467,111.218,0.00844711
-16.74287,6.91766,-21.6096,114.289,0.008094043
-16.76902,6.90264,-21.59719,112.2807,0.00770205399999992
-16.78989,6.86319,-21.60753,112.2807,0.007401978
-16.81684,6.812,-21.58605,56.14035,0.007134146
-16.81609,6.80145,-21.61574,0,0.006634423
-16.82677,6.76448,-21.57836,0,0.006229726
-16.82715,6.75609,-21.57439,0,0.005894138
-16.83555,6.73367,-21.55772,0,0.005741971
-16.84037,6.68537,-21.54984,69.26406,0.005650552
-16.84005,6.69853,-21.55494,138.9838,0.005620698
-16.8407,6.70039,-21.59522,205.444100000007,0.00551386699999997
-16.83496,6.71951,-21.65277,203.1081,0.005334285
-16.81787,6.74387,-21.71543,204.4995,0.004979372
-16.82066,6.7385,-21.71467,138.0392,0.004524737
-16.82093,6.73189,-21.71531,71.11111,0.004143258
-16.79935,6.78058,-21.75295,0,0.003683852
-16.79945,6.74091,-21.74609,0,0.003436903
-16.80198,6.73994,-21.75246,0,0.003093069
-16.80886,6.7102,-21.7883,0,0.002937728
-16.82348,6.69114,-21.77405,0,0.00279597
-16.82342,6.66853,-21.78761,0,0.002661069
-16.82595,6.64842,-21.78745,0,0.00253503
-16.83431,6.64803,-21.79056,0,0.002372739
-16.84737,6.63068,-21.77625,0,0.002367165
-16.85154,6.61961,-21.77063,0,0.002318504
-16.86401,6.58593,-21.75032,0,0.002299669
-16.86902,6.57781,-21.78482,0,0.002338021
-16.88505,6.58667,-21.78188,0,0.00246722
-16.8829,6.55312,-21.83584,0,0.002646502
-16.9152,6.53449,-21.80744,0,0.002709236
-16.92971,6.49318,-21.82463,0,0.002714108
-16.9556,6.459,-21.80815,0,0.002684363
-16.97599,6.36934,-21.78459,0,0.002595694
-17.00674,6.29717,-21.72951,0,0.002524078
-17.02506,6.25035,-21.7319,0,0.002381818
-17.04692,6.22336,-21.71222,0,0.002346045
-17.0441,6.19713,-21.76899,0,0.002367714
-17.05275,6.17659,-21.78181,0,0.002416721
-17.04799,6.19567,-21.82386,0,0.002491948
-17.06106,6.16399,-21.83216,0,0.002459774
-17.04959,6.17227,-21.86827,0,0.002435119
-17.04342,6.17156,-21.89259,0,0.002328996
-17.0511,6.16812,-21.89119,0,0.002263113
-17.04317,6.19627,-21.90946,0,0.002282229
-17.03584,6.19237,-21.92179,0,0.0024536
-17.02418,6.20614,-21.93991,0,0.002697464
-17.00374,6.21894,-21.95735,0,0.002907792
-16.98546,6.20844,-21.96565,0,0.003017347
-16.97815,6.1801,-21.94794,0,0.003043688
-16.94954,6.20623,-21.96994,0,0.002985283
-16.92738,6.18943,-21.96959,0,0.002769442
-16.89622,6.17251,-21.99112,0,0.002536564
-16.87905,6.15729,-21.97648,0,0.00234759
-16.85712,6.15335,-21.96993,0,0.002267558
-16.82601,6.16996,-21.93602,0,0.002226649
-16.80897,6.16712,-21.8872,0,0.002233973
-16.79727,6.11336,-21.83852,0,0.002255205
-16.77877,6.10066,-21.7937,0,0.002264555
-16.75807,6.07192,-21.76361,0,0.002283902
-16.75226,6.08193,-21.69673,0,0.002360536
-16.73066,6.12946,-21.68651,0,0.002481398
-16.70278,6.18827,-21.70418,0,0.002522379
-16.69563,6.23712,-21.67585,0,0.00251581
-16.68361,6.30398,-21.66455,0,0.00244792800000001
-16.69914,6.25721,-21.5809,0,0.00244897
-16.71236,6.20929,-21.53015,0,0.002409462
-16.71874,6.14433,-21.49216,0,0.002385305
-16.70285,6.14093,-21.46649,0,0.002432756
-16.71074,6.05718,-21.41643,0,0.002645632
-16.72161,5.91949,-21.33735,0,0.002878642
-16.72308,5.75306,-21.26242,0,0.002954569
-16.73493,5.56481,-21.162,0,0.002927877
-16.7246,5.31395,-21.09475,0,0.00288779300000001
-16.73899,5.03787,-20.94342,0,0.002883608
-16.70861,4.88746,-20.87702,0,0.002784685
-16.6859,4.65624,-20.78623,0,0.002729124
-16.66283,4.43543,-20.67499,0,0.002644276
-16.63178,4.2796,-20.55563,0,0.002658891
-16.60144,4.15185,-20.45213,0,0.002751592
-16.57305,3.96176,-20.30763,0,0.00286191
-16.51931,3.84967,-20.21989,0,0.002887518
-16.44851,3.82338,-20.1492,67.6478300000157,0.00286380300000001
-16.36711,3.82071,-20.13,137.7104,0.002993623
-16.30444,3.74245,-20.05343,214.1828,0.003236187
-16.24061,3.70851,-20.01168,146.535,0.003615136
-16.1718,3.6315,-19.93133,76.47243,0.003878715
-16.12084,3.56051,-19.76662,0,0.004274996
-16.04458,3.56687,-19.71554,0,0.004548974
-15.96754,3.58429,-19.73251,0,0.004762296
-15.93445,3.55262,-19.58221,0,0.004831861
-15.89815,3.52109,-19.43043,94.13116,0.004891384
-15.86556,3.46761,-19.33297,191.3989,0.008592891
-15.8393,3.41704,-19.24122,191.3989,0.01595646
-15.84761,3.37182,-19.07369,196.0332,0.02628416
-15.87174,3.32063,-18.92455,206.1191,0.03552167
-15.89508,3.3841,-18.8326,315.3722,0.042262
-15.92579,3.44688,-18.80877,322.3106,0.04625216
-15.99518,3.45727,-18.67004,323.8004,0.04700712
-16.06378,3.36743,-18.57227,329.5752,0.04504681
-16.14408,3.24862,-18.39299,345.0835,0.0407684
-16.1818,3.10223,-18.3013,357.452,0.0346128
-16.21571,2.95643,-18.20706,242.4242,0.02795413
-16.26113,2.83937,-18.04198,121.2121,0.02297742
-16.3069,2.65479,-17.95903,0,0.02104392
-16.35162,2.48617,-17.89561,0,0.02095927
-16.39885,2.32091,-17.88089,0,0.02087416
-16.44724,2.24169,-17.90493,0,0.01993864
-16.49537,2.12865,-17.89091,0,0.01942051
-16.53863,2.09939,-17.82249,0,0.01910949
-16.5656,2.10769,-17.75074,0,0.01867274
-16.59765,2.10163,-17.64483,0,0.01741315
-16.61791,2.10263,-17.55827,0,0.01884556
-16.6169,2.12693,-17.53672,0,0.0263185
-16.60991,2.14055,-17.50429,152.381,0.03460222
-16.58684,2.14976,-17.45883,290.5869,0.0404806
-16.55771,2.14599,-17.38743,413.2085,0.04100965
-16.517,2.17679,-17.32881,382.0396,0.04129988
-16.49143,2.23175,-17.29381,365.0458,0.04010705
-16.47277,2.25994,-17.29718,365.0458,0.03209167
-16.45994,2.24551,-17.27819,367.8647,0.02273621
-16.44282,2.25319,-17.25842,370.6836,0.01395808
-16.41769,2.29473,-17.29311,370.6836,0.01123343
-16.41293,2.30851,-17.29164,375.6347,0.00997452
-16.40188,2.31016,-17.32612,380.5858,0.01209398
-16.40732,2.25509,-17.35405,380.5858,0.01818466
-16.42155,2.23023,-17.39577,251.6037,0.02693215
-16.43056,2.19333,-17.46333,227.1967,0.03481491
-16.45043,2.19403,-17.48447,202.8397,0.04072229
-16.47117,2.19744,-17.50845,288.6178,0.04469777
-16.4927,2.12749,-17.51988,262.4909,0.04664285
-16.512,2.08445,-17.56671,241.521,0.04627252
-16.53421,2.13798,-17.58115,233.0377,0.04446849
-16.54744,2.17206,-17.62716,231.884,0.04268252
-16.55896,2.22832,-17.62233,231.884,0.04046208
-16.58181,2.24927,-17.59301,230.7954,0.0379230700000006
-16.58312,2.31903,-17.57726,228.0964,0.03511845
-16.56799,2.35175,-17.60047,224.8758,0.03257745
-16.52831,2.3823,-17.62312,223.2655,0.02881342
-16.48759,2.37589,-17.56903,223.7872,0.02253369
-16.45899,2.40099,-17.55428,225.9191,0.01659418
-16.45591,2.44439,-17.47806,228.066,0.01205308
-16.47339,2.56684,-17.40663,229.1391,0.009995614
-16.46586,2.80995,-17.39458,229.6756,0.00862163
-16.45,3.08813,-17.42072,230.2277,0.00758733300000023
-16.40607,3.40385,-17.47934,232.4856,0.006550045
-16.36031,3.74395,-17.53322,235.345,0.005873458
-16.29632,4.07908,-17.58554,237.067,0.006107261
-16.23579,4.36372,-17.63369,158.6187,0.007000357
-16.16406,4.61535,-17.70899,79.01668,0.007669847
-16.10985,4.79637,-17.79133,0,0.007995153
-16.04684,4.97446,-17.86751,0,0.008409531
-15.98378,5.10756,-17.92984,0,0.008946921
-15.912,5.24923,-17.98689,0,0.00910929300000004
-15.86957,5.32931,-18.00058,0,0.00926591
-15.82101,5.4409,-18.06437,0,0.009305274
-15.81101,5.44267,-18.05185,0,0.009608489
-15.80991,5.39339,-18.08469,0,0.01002651
-15.82489,5.3494,-18.05992,0,0.01085531
-15.82032,5.29889,-18.12706,0,0.0135566
-15.85118,5.25291,-18.09915,0,0.0178163
-15.86499,5.18945,-18.1455,0,0.02313663
-15.89576,5.13367,-18.11847,91.9540200000209,0.0282935600000012
-15.92683,5.05894,-18.09741,183.908,0.03332721
-15.96736,4.97632,-18.06533,275.8621,0.03794703
-15.99727,4.99064,-18.07609,276.6687,0.04157813
-16.02471,4.98758,-18.09532,278.2819,0.04363758
-16.06245,4.956,-18.09771,279.8951,0.04451907
-16.09773,4.90998,-18.08485,281.5371,0.04379961
-16.13087,4.8494,-18.10567,283.208,0.04190537
-16.15037,4.83558,-18.09149,284.8788,0.03917379
-16.15663,4.86438,-18.115,285.7143,0.03556406
-16.16222,4.9109,-18.12123,285.7143,0.0315315
-16.16456,5.00403,-18.12101,285.7143,0.02732441
-16.18125,5.11937,-18.12025,285.7143,0.02396659
-16.1887,5.25249,-18.1781,286.58,0.02131894
-16.19091,5.3769,-18.24783,288.3116,0.01957784
-16.20739,5.46493,-18.31737,291.8729,0.01926768
-16.21457,5.58452,-18.36176,298.3711,0.02035709
-16.22585,5.73319,-18.40675,308.1107,0.02240667
-16.23651,5.88648,-18.441,319.2887,0.02384858
-16.2305,5.99124,-18.51354,328.9798,0.02430421
-16.24239,6.06264,-18.56533,336.9791,0.02342758
-16.25061,6.17169,-18.61226,342.9438,0.02162541
-16.25561,6.25815,-18.66612,346.5926,0.01962232
-16.26205,6.30042,-18.66959,347.826,0.01772361
-16.28197,6.33513,-18.64652,347.826,0.01802791
-16.31403,6.40698,-18.63771,344.2768,0.02100679
-16.32812,6.45355,-18.62355,335.0442,0.02606395
-16.325,6.54412,-18.6445,320.7724,0.03177823
-16.29822,6.61568,-18.70745,305.3814,0.03634588
-16.29075,6.71089,-18.75731,292.2681,0.03951797
-16.27943,6.80507,-18.7705,280.2907,0.04033436
-16.28167,6.9051,-18.7739,268.6714,0.03922866
-16.29243,6.9394,-18.77129,257.7677,0.03648202
-16.29143,7.04135,-18.77224,245.6301,0.0321888
-16.29436,7.07531,-18.75283,231.4093,0.02673621
-16.28588,7.08693,-18.7726,215.8694,0.02142973
-16.28287,7.11534,-18.77759,215.2788,0.01717806
-16.28405,7.10585,-18.77856,144.1171,0.01383154
-16.28575,7.08086,-18.7701,164.3965,0.01149016
-16.28789,7.06034,-18.77194,174.8634,0.009396556
-16.27538,7.07462,-18.78131,265.3629,0.008435241
-16.26911,7.04625,-18.75071,269.1592,0.007147884
-16.27727,7.00631,-18.72953,270.6164,0.006433941
-16.26865,6.99164,-18.73679,263.7771,0.005708512
-16.26948,6.96629,-18.7423,172.549,0.005772496
-16.27626,6.90096,-18.74376,83.66013,0.007032116
-16.29297,6.82735,-18.72614,0,0.009518476
-16.32787,6.7976,-18.67753,0,0.01232599
-16.34925,6.77571,-18.69194,0,0.0151852
-16.37246,6.77682,-18.71585,57.97101,0.01739333
-16.41232,6.74385,-18.69522,115.3253,0.01919122
-16.43122,6.72236,-18.72854,170.905,0.01957655
-16.46356,6.68424,-18.75263,167.0809,0.01910941
-16.48438,6.66906,-18.80232,162.806400000001,0.0182835000000003
-16.51879,6.66946,-18.79842,159.2605,0.01677089
-16.56674,6.62511,-18.79917,156.8935,0.01507609
-16.59657,6.59344,-18.81458,157.1951,0.01331302
-16.62766,6.56543,-18.82442,158.5427,0.01264131
-16.64425,6.57807,-18.86266,158.0495,0.01254491
-16.66956,6.56113,-18.87575,104.6682,0.01296143
-16.69683,6.56741,-18.86441,106.8423,0.0133703
-16.73,6.54535,-18.85379,110.8247,0.01355795
-16.75564,6.5355,-18.90378,165.807599999994,0.01356609
-16.77457,6.51451,-18.94568,165.2348,0.01312905
-16.81392,6.50549,-18.9416,164.1237,0.01218711
-16.83758,6.4979,-18.96373,109.1409,0.01068255
-16.85885,6.51641,-18.98647,54.15808,0.009058982
-16.88509,6.48658,-18.9961,0,0.008160467
-16.9055,6.47241,-19.00891,0,0.007746464
-16.92961,6.44087,-19.03611,0,0.007912026
-16.961,6.41917,-19.04542,54.42177,0.008142918
-16.9882,6.40178,-19.08237,105.875100000012,0.00845568500000007
-16.99014,6.39469,-19.14815,157.0535,0.008791821
-17.00891,6.38052,-19.17093,156.5038,0.008907442
-17.02595,6.387,-19.18624,158.9225,0.008998059
-17.02983,6.4253,-19.22902,161.6161,0.008790097
-17.03925,6.43796,-19.25679,161.3468,0.008421089
-17.04792,6.45462,-19.26535,161.0774,0.007888984
-17.06065,6.43421,-19.25476,107.2054,0.007194133
-17.06342,6.45363,-19.28147,53.60269,0.006623024
-17.07845,6.47469,-19.26985,-6.09392031947071e-12,0.00585281199999985
-17.0889,6.45327,-19.27829,0,0.005302895
-17.11748,6.44019,-19.22524,0,0.004825834
-17.1102,6.46152,-19.26687,0,0.004401919
-17.12565,6.46333,-19.25036,0,0.003942021
-17.11626,6.50282,-19.29344,0,0.003543204
-17.12057,6.51218,-19.31226,0,0.00336855
-17.13597,6.48925,-19.28357,0,0.003313528
-17.15112,6.46948,-19.23588,59.25926,0.003200628
-17.16178,6.44234,-19.21317,118.5185,0.003208036
-17.16566,6.47196,-19.22771,118.5185,0.003182032
-17.17878,6.48164,-19.21182,59.25926,0.003112344
-17.18924,6.51556,-19.2002,0,0.00300737
-17.2014,6.50313,-19.20004,0,0.002872134
-17.21383,6.4919,-19.18945,0,0.002908215
-17.21861,6.47961,-19.21863,0,0.002904817
-17.21558,6.49547,-19.25778,0,0.002963869
-17.22777,6.50383,-19.26106,0,0.002939201
-17.22687,6.52014,-19.28729,0,0.002910366
-17.22641,6.52464,-19.32111,0,0.002874819
-17.23744,6.52861,-19.3171,0,0.00279567
-17.24274,6.53879,-19.33433,0,0.002775708
-17.25285,6.52809,-19.31874,0,0.002754642
-17.26214,6.51157,-19.30516,0,0.002788628
-17.26476,6.50013,-19.29438,0,0.002790579
-17.2579,6.51383,-19.31622,0,0.002878008
-17.25733,6.50504,-19.29715,0,0.003039161
-17.25097,6.46783,-19.30613,0,0.003121935
-17.24807,6.47983,-19.29656,0,0.003114234
-17.2386,6.49997,-19.29476,0,0.003009258
-17.23455,6.507,-19.31196,0,0.003031887
-17.231,6.49001,-19.31763,0,0.003019874
-17.22793,6.48647,-19.31593,0,0.002957855
-17.23244,6.46433,-19.28483,0,0.002832901
-17.2301,6.47473,-19.27073,0,0.002745394
-17.22526,6.46899,-19.25822,0,0.002722422
-17.21931,6.43599,-19.23469,0,0.00263432
-17.21691,6.42131,-19.22633,0,0.002496145
-17.20697,6.40499,-19.25421,0,0.002321928
-17.22084,6.34057,-19.22496,0,0.00221055
-17.21528,6.34492,-19.2407,0,0.002190202
-17.22198,6.27941,-19.21503,0,0.002223737
-17.20123,6.24734,-19.24618,0,0.002323795
-17.19687,6.19043,-19.26375,0,0.002471103
-17.20966,6.15366,-19.24308,0,0.002644845
-17.2369,6.12885,-19.21164,0,0.002817772
-17.23741,6.1283,-19.21421,0,0.002935404
-17.24635,6.1382,-19.20415,0,0.003141996
-17.25446,6.11841,-19.21955,0,0.003286923
-17.25945,6.10007,-19.22289,0,0.003393262
-17.27385,6.07744,-19.23154,0,0.003325201
-17.28807,6.0479,-19.2245,0,0.00322658
-17.2986,6.02268,-19.23283,0,0.003049704
-17.30162,6.01143,-19.23993,0,0.00286626600000004
-17.29599,6.01139,-19.26445,0,0.002738041
-17.28906,6.01262,-19.28664,0,0.002630427
-17.27921,6.01399,-19.30405,0,0.002781157
-17.28892,5.99966,-19.27679,64.87406,0.00290621
-17.28481,5.99178,-19.29549,134.3476,0.003171746
-17.29254,5.96931,-19.28324,134.3476,0.003141405
-17.2981,5.94463,-19.27756,151.8254,0.003050794
-17.29153,5.93558,-19.27691,168.4294,0.00291919
-17.29425,5.93458,-19.26477,168.429399999991,0.00266584199999995
-17.29411,5.96528,-19.26855,86.07745,0.002471491
-17.29713,5.9155,-19.26458,0,0.002175063
-17.29556,5.90462,-19.2682,0,0.002078281
-17.29708,5.83789,-19.24767,0,0.002084742
-17.27531,5.83219,-19.28218,0,0.002154671
-17.25996,5.82631,-19.27402,0,0.002282976
-17.24544,5.83489,-19.27482,0,0.002425094
-17.22673,5.8297,-19.28318,0,0.00262681
-17.2194,5.83048,-19.25622,0,0.00278201100000002
-17.20975,5.8157,-19.24469,0,0.002763995
-17.19953,5.80798,-19.23833,0,0.002699432
-17.17056,5.82532,-19.25813,0,0.002566823
-17.15236,5.81808,-19.25379,0,0.002357072
-17.13131,5.79127,-19.26428,0,0.002056266
-17.10796,5.80347,-19.26643,0,0.001849199
-17.09116,5.7952,-19.2715,0,0.00180536
-17.08784,5.77213,-19.23056,0,0.00190319
-17.08683,5.76113,-19.20831,0,0.002025005
-17.06584,5.76667,-19.2156,0,0.002208253
-17.06597,5.72543,-19.18342,0,0.002373703
-17.05515,5.73651,-19.19818,0,0.002517163
-17.06395,5.70701,-19.16332,0,0.002699253
-17.07461,5.69632,-19.1177,0,0.003001354
-17.06166,5.67703,-19.14924,0,0.003268798
-17.06759,5.66168,-19.12506,0,0.003378639
-17.08069,5.6534,-19.10593,0,0.003298651
-17.08826,5.63789,-19.13592,0,0.003197755
-17.11413,5.61782,-19.13399,0,0.003010133
-17.14861,5.60514,-19.13242,0,0.002726039
-17.17313,5.57348,-19.15272,0,0.002415728
-17.20498,5.5357,-19.12343,0,0.002310087
-17.2195,5.55601,-19.13478,0,0.002463371
-17.2206,5.57881,-19.17031,0,0.002698987
-17.2326,5.58773,-19.17154,0,0.002878004
-17.2375,5.5782,-19.17476,0,0.00289534
-17.23051,5.58052,-19.1859,0,0.002968326
-17.23653,5.54812,-19.17175,0,0.002980071
-17.22479,5.53814,-19.19504,0,0.002925392
-17.22229,5.5547,-19.20684,0,0.002768802
-17.22787,5.53717,-19.19477,0,0.002644657
-17.22492,5.50299,-19.18895,0,0.00258773
-17.21989,5.5046,-19.18879,0,0.002444512
-17.2069,5.47227,-19.20667,0,0.002285553
-17.19948,5.48219,-19.23312,0,0.002151223
-17.19167,5.46547,-19.2501,0,0.002077161
-17.17992,5.46823,-19.25672,0,0.002045562
-17.18087,5.45833,-19.23311,0,0.001991556
-17.17655,5.4126,-19.2169,0,0.002070919
-17.15957,5.40199,-19.24951,0,0.002171995
-17.15049,5.36604,-19.25328,0,0.002464533
-17.14447,5.33698,-19.2248,0,0.002674557
-17.13371,5.31383,-19.19644,0,0.00286387
-17.13428,5.28272,-19.14381,0,0.002977493
-17.13146,5.28849,-19.1191,0,0.003026918
-17.11814,5.28667,-19.13578,0,0.003035616
-17.11692,5.29002,-19.13471,0,0.002942642
-17.11404,5.28266,-19.13752,0,0.002987654
-17.10752,5.29037,-19.15633,0,0.003076327
-17.10217,5.25075,-19.15874,0,0.0030898
-17.10728,5.21169,-19.13971,0,0.003047014
-17.10943,5.1909,-19.10445,0,0.002931868
-17.10455,5.18773,-19.11424,0,0.00281950300000003
-17.09264,5.20316,-19.11041,0,0.002629457
-17.07405,5.19655,-19.14239,0,0.00252274
-17.06794,5.16064,-19.14639,0,0.002566969
-17.06687,5.13358,-19.13829,0,0.002612918
-17.06191,5.13727,-19.14318,0,0.002749339
-17.05909,5.12635,-19.12711,0,0.002886157
-17.05818,5.12017,-19.11715,0,0.003034552
-17.05572,5.11775,-19.10634,0,0.003010622
-17.04975,5.11525,-19.1011,0,0.00288994600000001
-17.03194,5.13712,-19.12784,0,0.002879247
-17.01642,5.13706,-19.15034,0,0.002873303
-16.99949,5.11486,-19.1808,0,0.002851322
-16.99024,5.12002,-19.18897,0,0.002755488
-16.98452,5.09247,-19.19684,0,0.00273808
-16.97627,5.07926,-19.18933,0,0.002809998
-16.97173,5.05353,-19.18249,0,0.00286384
-16.96374,5.03721,-19.1732,0,0.002895126
-16.95227,4.98515,-19.16215,0,0.00284201699999999
-16.94755,4.96977,-19.11829,0,0.002812149
-16.95375,4.93245,-19.08271,0,0.002708765
-16.93191,4.92521,-19.11391,0,0.002620137
-16.9267,4.92251,-19.09988,0,0.002603633
-16.90552,4.92701,-19.1104,0,0.002581851
-16.89531,4.9309,-19.08378,0,0.002623775
-16.87897,4.92388,-19.08953,0,0.002593203
-16.85243,4.89674,-19.09808,0,0.002593878
-16.83707,4.78779,-19.0848,0,0.00257420799999999
-16.81837,4.71226,-19.06052,0,0.002463605
-16.78768,4.60941,-19.06614,0,0.002361999
-16.75839,4.53157,-19.01428,0,0.002288189
-16.70634,4.43593,-18.99484,0,0.002337821
-16.65465,4.20037,-18.92678,0,0.002524343
-16.5941,3.92476,-18.88542,0,0.002629823
-16.53258,3.69013,-18.77769,101.6928,0.002671043
-16.46848,3.39254,-18.66088,206.1441,0.002617856
-16.40559,3.04586,-18.62012,206.1441,0.002622583
-16.34342,2.74088,-18.51228,104.4513,0.002662559
-16.29061,2.39305,-18.40212,0,0.002658642
-16.23373,2.0431,-18.25532,0,0.002662556
-16.14799,1.63258,-18.13781,0,0.00269024
-16.06655,1.2006,-17.97925,0,0.002743062
-15.96317,0.77395,-17.86668,0,0.002669035
-15.85772,0.35835,-17.79514,0,0.002499511
-15.76594,-0.06334,-17.67392,0,0.002328482
-15.65267,-0.45255,-17.61926,0,0.002364687
-15.55438,-0.77393,-17.53553,0,0.002491901
-15.42053,-0.99598,-17.49687,0,0.002731814
-15.27723,-1.1803,-17.47545,0,0.002898538
-15.14624,-1.32753,-17.49816,0,0.003056886
-15.02732,-1.37964,-17.49181,0,0.003092962
-14.92435,-1.37373,-17.4686,0,0.003008973
-14.8427,-1.33197,-17.44201,0,0.002891585
-14.73639,-1.22795,-17.46311,0,0.003129079
-14.63097,-1.12282,-17.46718,0,0.008042988
-14.52677,-0.93479,-17.47409,0,0.01692909
-14.41334,-0.76313,-17.37542,0,0.02864265
-14.3033,-0.675,-17.34584,0,0.03890311
-14.18361,-0.50224,-17.29166,75.11737,0.04700497
-14.06677,-0.3993,-17.28066,150.7713,0.05382151
-13.95888,-0.32768,-17.19676,227.5139,0.05842737
-13.84066,-0.30625,-17.12102,230.8448,0.06174298
-13.70722,-0.25603,-17.09909,235.396,0.06496801
-13.57749,-0.21679,-17.03815,239.4614,0.06988572
-13.44942,-0.23729,-17.0097,241.8212,0.07783752
-13.31453,-0.15988,-17.01584,241.2359,0.08749688
-13.1858,-0.18116,-17.05325,238.8592,0.09772962
-13.0734,-0.23216,-17.08068,237.6708,0.1062984
-12.94988,-0.24584,-17.12852,238.8592,0.1103221
-12.83333,-0.24847,-17.15188,241.8575,0.1085505
-12.72283,-0.25917,-17.18941,245.5914,0.1021003
-12.60245,-0.37631,-17.21134,250.1221,0.09419251
-12.5036,-0.46526,-17.2144,255.4191,0.08551071
-12.40541,-0.5752,-17.21627,259.4971,0.07562204
-12.29846,-0.65906,-17.18904,262.3186,0.06777398
-12.18454,-0.76277,-17.22287,265.2342,0.06360301
-12.07669,-0.86197,-17.24335,269.7838,0.06332587
-11.96477,-0.87269,-17.29311,276.892,0.06119401
-11.88737,-0.91929,-17.27851,285.1174,0.05712007
-11.84937,-1.0296,-17.23103,292.8332,0.05303317
-11.82788,-1.07961,-17.2306,299.161299999999,0.0499653700000006
-11.77838,-1.04081,-17.30988,303.8578,0.04763667
-11.74459,-1.0284,-17.33133,310.9982,0.04366541
-11.70986,-1.02345,-17.40523,321.6948,0.0397944
-11.70107,-1.10698,-17.45385,332.6059,0.03491255
-11.70584,-1.21471,-17.45665,343.1119,0.03085908
-11.71405,-1.28475,-17.45309,353.4403,0.02757651
-11.71051,-1.40949,-17.54047,363.9962,0.02554542
-11.7185,-1.58411,-17.59531,365.4057,0.02352815
-11.7137,-1.72502,-17.6104,363.0138,0.0216784100000004
-11.71017,-1.92162,-17.67694,367.5155,0.0202687
-11.70486,-2.06037,-17.73205,248.7624,0.01960934
-11.68587,-2.23424,-17.81467,128.5327,0.01887472
-11.6941,-2.44235,-17.83557,0,0.01876296
-11.68855,-2.63581,-17.92911,0,0.0197025
-11.70087,-2.80106,-18.05192,0,0.02127955
-11.71703,-2.93585,-18.18277,0,0.02296281
-11.76141,-3.10975,-18.16402,0,0.02385566
-11.80577,-3.2433,-18.14884,0,0.02437535
-11.84635,-3.34981,-18.13293,0,0.02381874
-11.91095,-3.42316,-18.07436,0,0.02222317
-11.98539,-3.46832,-18.08817,0,0.02639045
-12.04756,-3.47267,-18.09563,0,0.0343205
-12.11858,-3.53042,-18.08354,136.7521,0.04460382
-12.16179,-3.59858,-18.11262,267.1437,0.04967744
-12.20441,-3.69189,-18.0797,383.581,0.05252216
-12.25599,-3.73258,-18.03061,354.584,0.05474396
-12.28061,-3.79148,-18.01832,329.813299999995,0.0536888699999993
-12.30466,-3.82308,-17.97383,312.4472,0.04822791
-12.31094,-3.86132,-17.9671,295.1916,0.03969211
-12.3131,-3.86954,-17.90448,274.9532,0.03322616
-12.30706,-3.87174,-17.84082,253.1042,0.02837416
-12.29088,-3.81956,-17.78022,231.9155,0.0241319
-12.28614,-3.76237,-17.69493,146.533,0.02353351
-12.27512,-3.59397,-17.60397,69.31083,0.02832693
-12.26183,-3.46647,-17.46068,80.80808,0.03678106
-12.25718,-3.32689,-17.3209,161.6162,0.04408893
-12.25185,-3.14115,-17.20418,241.8212,0.05006228
-12.2589,-2.92083,-17.10027,238.3728,0.05523713
-12.26281,-2.61575,-17.02168,230.679,0.05858466
-12.29404,-2.29867,-16.82888,221.585,0.05935593
-12.33227,-2.00059,-16.64343,214.8686,0.05841592
-12.36199,-1.69504,-16.45863,211.4741,0.0574316
-12.39176,-1.39021,-16.26899,208.7503,0.05510629
-12.42754,-1.05742,-16.07489,205.1957,0.05220324
-12.48443,-0.68733,-15.87987,202.1426,0.04784936
-12.51776,-0.34175,-15.69162,200.0104,0.04323697
-12.56473,-0.04821,-15.53978,198.3639,0.0380663
-12.56347,0.29713,-15.49033,197.1394,0.03151552
-12.60619,0.64159,-15.32183,195.1786,0.02565108
-12.61778,0.9274,-15.20598,193.6294,0.02046571
-12.63605,1.16832,-15.17203,193.6294,0.01742256
-12.66612,1.40668,-15.05856,195.1786,0.0147986
-12.68924,1.57811,-15.02857,195.9536,0.01334196
-12.69459,1.66573,-15.02025,195.1793,0.01270482
-12.72143,1.83495,-14.98521,194.386,0.01280648
-12.73524,1.86683,-14.99396,129.7182,0.01276729
-12.7674,1.94813,-14.97091,65.05032,0.01279123
-12.80098,1.97137,-14.95939,0,0.01296562
-12.83228,2.01059,-14.9735,0,0.01270551
-12.87846,2.05178,-14.95011,0,0.012179
-12.92916,2.05724,-14.94266,0,0.01152337
-12.97548,2.02155,-14.94059,0,0.01125857
-13.03493,1.93473,-14.9236,0,0.01103373
-13.09912,1.85454,-14.89834,0,0.01082232
-13.17738,1.79548,-14.81038,0,0.01072983
-13.24306,1.72888,-14.81863,0,0.01080023
-13.31247,1.68501,-14.82285,0,0.01115076
-13.35903,1.60488,-14.87653,0,0.01213387
-13.43004,1.46232,-14.85985,0,0.0140306
-13.49335,1.36202,-14.8223,82.05128,0.01679704
-13.52687,1.2898,-14.82542,164.1026,0.01938836
-13.55173,1.2677,-14.82942,251.1052,0.02168286
-13.57412,1.26902,-14.83632,261.8145,0.02361426
-13.60497,1.2848,-14.84465,277.8289,0.02503206
-13.62973,1.33167,-14.89228,291.4911,0.02591067
-13.65718,1.37145,-14.92736,297.4958,0.02561042
-13.66708,1.48331,-15.01012,299.1274,0.02541091
-13.68928,1.61109,-15.04417,298.1598,0.02477945
-13.71867,1.76155,-15.0813,299.0916,0.02410894
-13.72855,1.94405,-15.11046,300.990899999999,0.02368689
-13.75028,2.18008,-15.12808,303.8578,0.0239508
-13.77014,2.43735,-15.16163,307.7302,0.02522931
-13.79585,2.64746,-15.23655,311.7546,0.02652022
-13.81581,2.85206,-15.27548,316.9456,0.02847381
-13.84634,3.09155,-15.30688,322.2196,0.02981569
-13.88332,3.34046,-15.33742,327.758,0.03004119
-13.90731,3.54133,-15.37,333.4781,0.02820927
-13.95131,3.78082,-15.40105,338.1097,0.02546455
-13.98385,4.01178,-15.47342,340.425500000001,0.022115269999999
-14.0297,4.25397,-15.49096,348.7286,0.01686452
-14.0453,4.40506,-15.55506,365.3347,0.01163248
-14.05757,4.56643,-15.61825,381.9408,0.007647609
-14.06259,4.73393,-15.65341,385.8093,0.006457587
-14.06022,4.80093,-15.70409,374.3051,0.006253116
-14.05966,4.90677,-15.7055,360.1658,0.005823098
-14.03048,4.93412,-15.7206,234.5191,0.005215602
-14.00226,4.94717,-15.70751,115.942,0.004582724
-13.95682,4.91574,-15.75211,-1.31810793391166e-11,0.00424751099999996
-13.90705,4.89321,-15.77385,0,0.004255567
-13.86963,4.87247,-15.75135,0,0.004240656
-13.82732,4.88536,-15.76805,0,0.004271384
-13.78167,4.94688,-15.76005,0,0.004352181
-13.7511,5.0713,-15.79138,0,0.004454491
-13.72304,5.15418,-15.82973,0,0.004557554
-13.69089,5.22778,-15.86596,0,0.006492099
-13.66776,5.26463,-15.86366,0,0.01058102
-13.64918,5.29979,-15.87858,0,0.01604053
-13.63168,5.34638,-15.89172,74.07407,0.021503
-13.64844,5.3225,-15.88553,147.1471,0.02634616
-13.64855,5.36484,-15.87888,218.7387,0.0306756
-13.66244,5.35434,-15.82528,213.9755,0.03313071
-13.66155,5.34528,-15.84233,206.7862,0.03349486
-13.66995,5.30173,-15.86582,199.0692,0.03235518
-13.66244,5.26703,-15.91239,192.1557,0.02984317
-13.66733,5.1419,-15.93007,187.2263,0.02638009
-13.69061,5.02102,-15.89207,123.3517,0.0220689
-13.71671,4.88813,-15.88851,122.257,0.01835798
-13.72258,4.7627,-15.93022,122.6054,0.01582651
-13.74038,4.68183,-15.92894,185.0027,0.01506656
-13.74838,4.6044,-15.95574,186.4538,0.01489776
-13.76522,4.54982,-16.00701,186.4619,0.0150691
-13.81362,4.42256,-16.00869,187.7009,0.01522591
-13.87331,4.22946,-15.98937,185.7719,0.0154973
-13.91449,4.17017,-16.0514,179.1634,0.01575714
-13.95706,4.13748,-16.12045,169.6739,0.01557346
-14.004,4.10499,-16.13749,162.4519,0.01529623
-14.02501,4.07721,-16.21487,160.3062,0.01494449
-14.08119,4.03185,-16.19087,157.2065,0.01438988
-14.11045,3.99621,-16.21582,153.4524,0.01385528
-14.14465,3.97444,-16.21751,100.8958,0.01365639
-14.17085,3.96809,-16.26471,49.84859,0.01307049
-14.20908,3.98884,-16.26749,0,0.01247204
-14.22956,4.04556,-16.31451,0,0.01137131
-14.25281,4.10107,-16.30687,0,0.01122081
-14.27772,4.14901,-16.30854,0,0.01125874
-14.30121,4.18801,-16.30081,0,0.01108454
-14.33067,4.22607,-16.31203,0,0.01070523
-14.36362,4.29525,-16.3238,0,0.0101339
-14.39253,4.35181,-16.32515,0,0.0101392
-14.41787,4.45481,-16.33612,0,0.01002551
-14.43081,4.54586,-16.34323,0,0.009832899
-14.44363,4.58765,-16.31877,0,0.009621567
-14.45749,4.60946,-16.31574,52.44743,0.00942573
-14.4568,4.63693,-16.33436,107.4007,0.009319589
-14.45947,4.67629,-16.33561,171.6858,0.008993729
-14.44905,4.73086,-16.38054,189.0504,0.008661128
-14.4645,4.74715,-16.345,207.0276,0.008633812
