frameIndex,frameTime,voiceProb_sma,F0_sma,pcm_intensity_sma,pcm_loudness_sma,pcm_RMSenergy_sma,pcm_LOGenergy_sma
0,0.000000,5.868968e-01,6.746178e+01,4.387417e-10,4.556987e-02,3.575005e-02,-7.276327e+00
1,0.008345,6.211522e-01,1.368885e+02,5.439510e-10,7.526132e-02,7.339668e-02,-5.864033e+00
2,0.016689,6.915042e-01,2.069456e+02,5.439927e-10,7.809379e-02,1.331534e-01,-4.174049e+00
3,0.025034,7.858451e-01,2.088611e+02,4.024354e-10,7.306758e-02,1.908489e-01,-3.385007e+00
4,0.033379,8.616211e-01,2.069871e+02,7.577285e-09,1.492175e-01,2.446803e-01,-2.842017e+00
5,0.041723,9.041945e-01,2.022943e+02,1.272629e-06,6.437185e-01,2.896370e-01,-2.491135e+00
6,0.050068,9.198859e-01,1.985718e+02,5.581413e-06,1.321516e+00,3.227241e-01,-2.267827e+00
7,0.058413,9.226578e-01,1.966738e+02,1.395168e-05,2.092574e+00,3.426735e-01,-2.142696e+00
8,0.066757,9.200914e-01,1.972600e+02,1.296863e-05,1.912264e+00,3.472929e-01,-2.115237e+00
9,0.075102,9.186053e-01,1.978515e+02,1.548427e-05,2.018518e+00,3.421524e-01,-2.145389e+00
10,0.083447,9.179411e-01,1.984430e+02,1.447355e-05,1.985339e+00,3.323157e-01,-2.204161e+00
11,0.091791,9.156957e-01,1.987387e+02,1.921415e-05,2.420448e+00,3.204964e-01,-2.276811e+00
12,0.100136,9.166903e-01,1.990399e+02,1.265053e-05,1.905636e+00,3.104585e-01,-2.339938e+00
13,0.108481,9.196956e-01,1.996421e+02,5.625296e-06,1.397705e+00,3.045639e-01,-2.377812e+00
14,0.116825,9.257801e-01,2.005510e+02,1.318238e-05,1.636214e+00,3.027247e-01,-2.389864e+00
15,0.125170,9.270211e-01,2.017777e+02,1.770986e-05,2.067873e+00,3.015233e-01,-2.397836e+00
16,0.133515,9.271423e-01,2.033338e+02,1.746374e-05,1.961161e+00,3.007327e-01,-2.403084e+00
17,0.141859,9.273348e-01,2.049014e+02,4.989752e-06,1.206692e+00,2.954711e-01,-2.438817e+00
18,0.150204,9.274874e-01,2.061742e+02,1.312544e-05,1.463954e+00,2.893454e-01,-2.481019e+00
19,0.158549,9.266855e-01,2.074711e+02,1.303128e-05,1.298294e+00,2.796645e-01,-2.548864e+00
20,0.166893,9.192870e-01,2.091167e+02,2.073624e-05,1.920784e+00,2.634709e-01,-2.672654e+00
21,0.175238,8.954931e-01,2.111182e+02,1.341297e-05,1.699211e+00,2.372308e-01,-2.891590e+00
22,0.183583,8.584681e-01,2.128084e+02,1.405381e-05,2.041588e+00,2.023389e-01,-3.216878e+00
23,0.191927,8.162882e-01,2.134883e+02,1.210445e-05,1.970722e+00,1.682744e-01,-3.590716e+00
24,0.200272,7.811608e-01,2.131451e+02,8.015107e-06,1.718218e+00,1.261917e-01,-4.241869e+00
25,0.208617,7.729346e-01,2.124586e+02,7.517603e-06,1.571908e+00,7.897035e-02,-5.511916e+00
26,0.216961,7.935967e-01,2.121154e+02,1.712662e-06,9.796702e-01,3.897357e-02,-6.942050e+00
27,0.225306,8.416356e-01,2.121154e+02,2.084053e-07,5.614354e-01,1.726367e-02,-8.225659e+00
28,0.233651,8.844703e-01,2.124586e+02,6.581218e-08,3.744179e-01,1.126480e-02,-9.090295e+00
29,0.241995,8.980491e-01,2.131451e+02,1.564220e-08,2.796037e-01,7.639162e-03,-9.857941e+00
30,0.250340,7.468215e-01,2.138315e+02,1.282718e-08,2.653881e-01,8.042968e-03,-9.788993e+00
31,0.258685,5.032044e-01,1.427832e+02,1.399099e-08,2.758111e-01,1.193184e-02,-9.121124e+00
32,0.267029,3.187232e-01,7.139159e+01,8.116958e-09,2.157772e-01,1.766569e-02,-8.130295e+00
33,0.275374,2.648891e-01,0,4.851787e-09,1.871174e-01,4.664044e-02,-6.739839e+00
34,0.283719,4.286788e-01,0,2.055655e-09,1.494339e-01,9.672827e-02,-5.263996e+00
35,0.292063,5.866638e-01,7.992754e+01,1.758141e-09,1.196142e-01,1.586867e-01,-3.772943e+00
36,0.300408,7.854896e-01,1.581899e+02,3.613671e-07,3.974811e-01,2.045733e-01,-3.192932e+00
37,0.308753,8.681033e-01,2.347872e+02,3.786161e-07,4.903859e-01,2.367395e-01,-2.891361e+00
38,0.317098,9.164693e-01,2.318600e+02,1.508951e-06,9.603119e-01,2.632025e-01,-2.675923e+00
39,0.325442,9.384606e-01,2.310011e+02,7.689548e-06,1.433104e+00,2.808619e-01,-2.541382e+00
40,0.333787,9.431705e-01,2.322191e+02,8.241282e-06,1.686412e+00,2.850563e-01,-2.510477e+00
41,0.342132,9.421721e-01,2.334457e+02,2.467448e-05,2.300558e+00,2.784168e-01,-2.558344e+00
42,0.350476,9.360673e-01,2.338574e+02,6.073925e-05,2.914805e+00,2.690729e-01,-2.626142e+00
43,0.358821,9.243047e-01,2.334457e+02,8.566483e-05,3.747865e+00,2.609798e-01,-2.687116e+00
44,0.367166,9.138224e-01,2.326223e+02,7.719519e-05,3.551657e+00,2.554025e-01,-2.730165e+00
45,0.375510,9.113503e-01,2.322105e+02,4.076684e-05,2.923561e+00,2.513278e-01,-2.762036e+00
46,0.383855,9.170067e-01,2.326223e+02,1.564925e-05,2.045062e+00,2.499819e-01,-2.772740e+00
47,0.392200,9.220402e-01,2.338663e+02,8.844580e-06,1.740495e+00,2.510207e-01,-2.764508e+00
48,0.400544,9.249768e-01,2.355309e+02,6.468250e-06,1.632006e+00,2.530414e-01,-2.748513e+00
49,0.408889,9.290240e-01,2.376526e+02,6.629660e-06,1.671010e+00,2.583987e-01,-2.706889e+00
50,0.417234,9.336658e-01,2.398110e+02,4.409925e-06,1.285089e+00,2.652867e-01,-2.654739e+00
51,0.425578,9.377220e-01,2.419976e+02,7.058007e-07,8.237744e-01,2.772551e-01,-2.567140e+00
52,0.433923,9.401655e-01,2.442234e+02,1.707315e-07,5.253655e-01,2.875413e-01,-2.493847e+00
53,0.442268,9.426529e-01,2.469889e+02,4.154679e-07,6.445871e-01,2.947989e-01,-2.442982e+00
54,0.450612,9.438707e-01,2.502552e+02,6.787404e-07,7.554002e-01,2.969614e-01,-2.428313e+00
55,0.458957,9.431307e-01,2.531049e+02,7.748658e-07,9.010038e-01,2.959594e-01,-2.435109e+00
56,0.467302,9.396223e-01,2.550374e+02,9.104257e-06,1.458682e+00,2.918837e-01,-2.463194e+00
57,0.475646,9.395126e-01,2.555288e+02,3.412281e-05,2.340153e+00,2.799943e-01,-2.548155e+00
58,0.483991,9.433135e-01,2.555288e+02,4.230590e-05,2.981893e+00,2.649456e-01,-2.659550e+00
59,0.492336,9.496479e-01,2.560318e+02,3.572445e-05,2.672583e+00,2.482196e-01,-2.789073e+00
60,0.500680,9.555042e-01,2.575291e+02,1.536294e-05,2.201689e+00,2.315503e-01,-2.930017e+00
61,0.509025,9.563878e-01,2.590265e+02,2.104612e-05,2.349976e+00,2.097914e-01,-3.133420e+00
62,0.517370,9.530485e-01,2.595294e+02,1.899513e-05,1.894547e+00,1.825350e-01,-3.420048e+00
63,0.525714,9.465206e-01,2.595294e+02,1.819142e-05,1.856185e+00,1.527836e-01,-3.783416e+00
64,0.534059,9.386008e-01,2.580548e+02,8.040687e-06,1.526571e+00,1.222005e-01,-4.247453e+00
65,0.542404,9.265882e-01,2.546362e+02,8.041851e-06,1.530200e+00,9.274051e-02,-4.826731e+00
66,0.550748,8.799148e-01,2.512175e+02,4.620732e-06,1.248955e+00,6.821381e-02,-5.433325e+00
67,0.559093,7.714944e-01,2.590275e+02,1.002150e-06,8.409600e-01,5.396071e-02,-5.855021e+00
68,0.567438,6.159815e-01,2.718141e+02,9.972362e-07,8.234640e-01,4.920822e-02,-6.023506e+00
69,0.575782,5.163159e-01,1.887229e+02,2.575321e-07,5.834542e-01,4.924511e-02,-6.022020e+00
70,0.584127,5.331268e-01,9.587783e+01,3.408668e-07,6.152532e-01,4.935789e-02,-6.017381e+00
71,0.592472,6.316236e-01,1.050476e+02,1.142043e-06,9.435431e-01,4.720226e-02,-6.110543e+00
72,0.600816,6.878828e-01,2.100952e+02,1.471657e-06,1.098730e+00,4.238453e-02,-6.339677e+00
73,0.609161,6.670251e-01,3.123858e+02,1.358313e-06,1.053151e+00,5.674365e-02,-5.917839e+00
74,0.617506,6.468044e-01,2.975079e+02,5.505111e-07,6.732902e-01,8.893932e-02,-5.134120e+00
75,0.625850,6.872764e-01,2.700013e+02,2.715368e-07,5.607781e-01,1.426267e-01,-3.989109e+00
76,0.634195,7.805922e-01,2.408945e+02,1.301814e-07,4.440238e-01,1.921590e-01,-3.347655e+00
77,0.642540,8.603515e-01,2.228163e+02,1.671493e-07,5.625051e-01,2.373415e-01,-2.895553e+00
78,0.650884,9.040513e-01,2.173668e+02,2.649309e-07,6.142295e-01,2.707684e-01,-2.620436e+00
79,0.659229,9.135311e-01,2.159246e+02,4.086692e-06,1.154487e+00,2.931957e-01,-2.455971e+00
80,0.667574,9.045342e-01,2.138902e+02,2.229830e-05,2.088634e+00,3.051331e-01,-2.374430e+00
81,0.675918,8.974996e-01,2.095843e+02,2.826933e-05,2.602061e+00,3.060935e-01,-2.367985e+00
82,0.684263,8.944657e-01,2.043901e+02,2.550302e-05,2.382149e+00,2.995470e-01,-2.411947e+00
83,0.692608,8.980157e-01,1.994271e+02,2.991246e-05,2.456448e+00,2.859628e-01,-2.505562e+00
84,0.700952,8.992765e-01,1.953079e+02,2.581958e-05,2.233653e+00,2.752961e-01,-2.580903e+00
85,0.709297,8.989853e-01,1.918804e+02,2.487597e-05,2.014695e+00,2.648622e-01,-2.657576e+00
86,0.717642,8.968043e-01,1.899062e+02,4.096086e-06,1.392782e+00,2.581491e-01,-2.709193e+00
87,0.725986,8.981023e-01,1.893597e+02,6.742684e-06,1.553994e+00,2.507267e-01,-2.767143e+00
88,0.734331,9.074902e-01,1.888225e+02,2.035891e-05,2.316056e+00,2.441849e-01,-2.820142e+00
89,0.742676,9.154456e-01,1.877572e+02,1.936218e-05,2.202416e+00,2.417222e-01,-2.840126e+00
90,0.751020,9.195754e-01,1.864300e+02,1.468281e-05,1.649166e+00,2.404366e-01,-2.850695e+00
91,0.759365,9.213211e-01,1.853825e+02,8.282700e-06,1.474915e+00,2.465268e-01,-2.801223e+00
92,0.767710,9.208379e-01,1.846057e+02,8.636711e-06,1.522459e+00,2.545872e-01,-2.737926e+00
93,0.776054,9.144623e-01,1.840908e+02,2.675805e-05,2.443307e+00,2.673750e-01,-2.639578e+00
94,0.784399,9.036016e-01,1.843526e+02,1.997996e-05,1.992681e+00,2.766982e-01,-2.570311e+00
95,0.792744,9.000153e-01,1.859285e+02,2.513243e-05,2.307198e+00,2.875312e-01,-2.493727e+00
96,0.801088,8.993390e-01,1.883171e+02,2.063782e-05,2.216796e+00,3.005737e-01,-2.406439e+00
97,0.809433,8.912072e-01,1.910279e+02,4.329647e-05,3.014998e+00,3.113554e-01,-2.334395e+00
98,0.817778,8.852720e-01,1.935386e+02,3.869086e-05,2.757848e+00,3.191819e-01,-2.284073e+00
99,0.826122,8.896868e-01,1.958226e+02,2.504398e-05,1.898815e+00,3.219449e-01,-2.266962e+00
100,0.834467,9.072673e-01,1.978621e+02,4.994360e-05,2.189642e+00,3.281055e-01,-2.229042e+00
101,0.842812,9.172127e-01,1.996530e+02,5.056910e-05,2.241684e+00,3.317148e-01,-2.207056e+00
102,0.851156,9.209647e-01,2.014766e+02,5.074723e-05,2.373102e+00,3.329945e-01,-2.199278e+00
103,0.859501,9.214824e-01,2.030156e+02,2.338929e-05,2.042985e+00,3.341893e-01,-2.192167e+00
104,0.867846,9.213617e-01,2.039469e+02,2.500768e-05,2.143567e+00,3.321067e-01,-2.204764e+00
105,0.876190,9.210131e-01,2.042593e+02,2.936794e-05,2.586340e+00,3.304279e-01,-2.214987e+00
106,0.884535,9.206035e-01,2.042593e+02,2.075816e-05,2.415543e+00,3.277335e-01,-2.231132e+00
107,0.892880,9.215598e-01,2.039469e+02,1.714792e-05,2.068074e+00,3.254745e-01,-2.245071e+00
108,0.901224,9.084204e-01,2.033223e+02,1.811757e-05,2.111549e+00,3.225277e-01,-2.263404e+00
109,0.909569,8.903028e-01,2.023910e+02,2.743533e-05,2.293981e+00,3.167242e-01,-2.299566e+00
110,0.917914,8.649752e-01,2.011643e+02,2.979689e-05,2.567275e+00,3.125309e-01,-2.326239e+00
111,0.926259,8.391774e-01,1.996530e+02,2.875372e-05,2.520249e+00,3.059472e-01,-2.369117e+00
112,0.934603,7.891914e-01,1.972963e+02,8.493093e-06,1.849382e+00,2.961851e-01,-2.434752e+00
113,0.942948,7.111608e-01,1.944153e+02,6.843795e-06,1.700304e+00,2.879031e-01,-2.490793e+00
114,0.951293,6.944626e-01,1.910566e+02,2.875142e-06,1.354554e+00,2.778524e-01,-2.562078e+00
115,0.959637,7.508927e-01,1.880509e+02,3.498854e-05,2.189299e+00,2.714246e-01,-2.609117e+00
116,0.967982,8.473641e-01,1.861772e+02,3.396859e-05,1.947042e+00,2.640314e-01,-2.663462e+00
117,0.976327,8.930802e-01,1.856400e+02,3.508284e-05,2.102802e+00,2.628507e-01,-2.672359e+00
118,0.984671,8.896238e-01,1.861637e+02,5.528058e-06,1.466488e+00,2.667363e-01,-2.643530e+00
119,0.993016,8.821259e-01,1.869536e+02,1.307871e-05,2.081750e+00,2.722108e-01,-2.602868e+00
120,1.001361,8.786114e-01,1.880190e+02,1.365387e-05,2.132538e+00,2.845745e-01,-2.515112e+00
121,1.009705,8.836231e-01,1.893690e+02,9.939577e-06,1.648071e+00,2.970801e-01,-2.429979e+00
122,1.018050,8.921407e-01,1.912942e+02,2.432617e-06,1.058170e+00,3.164828e-01,-2.303060e+00
123,1.026395,9.045510e-01,1.935386e+02,3.334699e-06,1.121711e+00,3.356302e-01,-2.186524e+00
124,1.034739,9.165804e-01,1.961238e+02,2.907726e-05,2.144429e+00,3.550521e-01,-2.072697e+00
125,1.043084,9.246352e-01,1.987710e+02,3.891257e-05,2.805081e+00,3.715911e-01,-1.980817e+00
126,1.051429,9.257587e-01,2.014990e+02,3.744827e-05,2.692024e+00,3.833286e-01,-1.918301e+00
127,1.059773,9.238286e-01,2.046246e+02,4.368897e-05,2.774519e+00,3.941930e-01,-1.862195e+00
128,1.068118,9.229660e-01,2.078379e+02,4.191124e-05,2.721732e+00,4.022600e-01,-1.821593e+00
129,1.076463,9.246247e-01,2.111440e+02,4.398596e-05,2.870736e+00,4.061974e-01,-1.801869e+00
130,1.084807,9.265189e-01,2.142151e+02,3.649393e-05,2.770053e+00,4.040130e-01,-1.812777e+00
131,1.093152,9.144086e-01,2.170160e+02,8.100063e-05,3.421092e+00,3.988486e-01,-1.838483e+00
132,1.101497,8.664965e-01,2.199014e+02,8.356571e-05,3.538123e+00,3.929738e-01,-1.868130e+00
133,1.109841,8.166826e-01,2.228738e+02,6.060143e-05,2.860381e+00,3.871118e-01,-1.898316e+00
134,1.118186,8.170571e-01,2.255120e+02,8.089548e-06,1.625886e+00,3.781727e-01,-1.945298e+00
135,1.126531,8.666155e-01,2.270359e+02,2.805080e-05,2.056491e+00,3.706357e-01,-1.985373e+00
136,1.134875,9.181235e-01,2.266569e+02,2.860063e-05,2.106046e+00,3.657566e-01,-2.011583e+00
137,1.143220,9.254991e-01,2.247541e+02,4.703990e-05,2.932645e+00,3.603055e-01,-2.041947e+00
138,1.151565,9.161428e-01,2.214090e+02,3.416216e-05,2.706376e+00,3.512122e-01,-2.093740e+00
139,1.159909,9.097342e-01,2.174155e+02,6.223435e-05,3.412263e+00,3.352640e-01,-2.187403e+00
140,1.168254,9.126372e-01,2.135489e+02,4.802198e-05,3.021936e+00,3.177902e-01,-2.295262e+00
141,1.176599,9.166281e-01,2.091962e+02,3.759309e-05,2.653751e+00,2.975527e-01,-2.427395e+00
142,1.184943,9.196108e-01,2.041090e+02,1.801795e-05,2.307374e+00,2.765984e-01,-2.574650e+00
143,1.193288,9.221435e-01,1.988593e+02,3.401679e-05,2.728724e+00,2.584824e-01,-2.708633e+00
144,1.201633,9.259807e-01,1.946963e+02,3.303310e-05,2.655149e+00,2.478631e-01,-2.790097e+00
145,1.209977,9.297431e-01,1.924016e+02,3.421496e-05,2.685392e+00,2.468268e-01,-2.798297e+00
146,1.218322,9.289710e-01,1.915553e+02,1.443956e-05,1.947913e+00,2.598920e-01,-2.699044e+00
147,1.226667,9.269072e-01,1.915505e+02,1.247941e-05,1.438234e+00,2.780229e-01,-2.565431e+00
148,1.235011,9.230433e-01,1.918261e+02,7.023909e-06,1.273478e+00,3.022457e-01,-2.396047e+00
149,1.243356,9.227142e-01,1.918261e+02,1.125725e-05,1.611240e+00,3.233688e-01,-2.261495e+00
150,1.251701,9.244397e-01,1.918261e+02,3.116583e-05,2.690610e+00,3.425153e-01,-2.144526e+00
151,1.260045,9.270182e-01,1.918261e+02,2.484530e-05,2.068140e+00,3.583426e-01,-2.053325e+00
152,1.268390,9.251311e-01,1.921065e+02,2.119991e-05,1.816843e+00,3.636669e-01,-2.023299e+00
153,1.276735,9.081143e-01,1.926674e+02,4.430653e-05,2.112447e+00,3.698428e-01,-1.989563e+00
154,1.285079,8.770859e-01,1.932283e+02,4.430272e-05,2.107816e+00,3.749891e-01,-1.962407e+00
155,1.293424,8.610528e-01,1.932283e+02,5.925356e-05,2.681669e+00,3.824193e-01,-1.922645e+00
156,1.301769,8.727701e-01,1.926674e+02,1.880010e-05,1.863781e+00,3.895784e-01,-1.885562e+00
157,1.310113,9.016806e-01,1.921065e+02,2.103461e-05,2.276548e+00,3.925744e-01,-1.870248e+00
158,1.318458,9.201298e-01,1.921065e+02,3.561573e-05,2.503543e+00,3.982268e-01,-1.841512e+00
159,1.326803,9.249122e-01,1.926674e+02,3.984408e-05,2.712270e+00,3.924712e-01,-1.871161e+00
160,1.335147,9.224765e-01,1.932283e+02,3.928383e-05,2.664089e+00,3.753210e-01,-1.963998e+00
161,1.343492,9.157436e-01,1.935088e+02,1.845828e-05,2.291809e+00,3.461763e-01,-2.127530e+00
162,1.351837,8.996921e-01,1.935088e+02,1.176179e-05,1.696845e+00,3.079003e-01,-2.367636e+00
163,1.360181,8.611641e-01,1.932283e+02,5.429191e-05,2.596457e+00,2.649870e-01,-2.679772e+00
164,1.368526,8.279529e-01,1.923918e+02,4.996631e-05,2.451219e+00,2.121639e-01,-3.147037e+00
165,1.376871,8.154645e-01,1.907425e+02,6.170542e-05,3.195449e+00,1.597616e-01,-3.747266e+00
166,1.385215,8.334067e-01,1.883171e+02,1.773701e-05,2.066782e+00,1.137388e-01,-4.429087e+00
167,1.393560,8.486144e-01,1.859285e+02,1.554403e-05,1.959573e+00,8.062992e-02,-5.103815e+00
168,1.401905,8.591378e-01,1.859652e+02,3.767645e-06,1.183462e+00,5.964627e-02,-5.689831e+00
169,1.410249,8.627347e-01,1.904628e+02,4.241765e-06,1.293107e+00,4.562624e-02,-6.211127e+00
170,1.418594,8.497534e-01,1.985808e+02,8.163468e-07,7.212103e-01,3.680066e-02,-6.630419e+00
171,1.426939,8.095431e-01,2.063956e+02,7.723228e-07,6.513789e-01,3.192195e-02,-6.894911e+00
172,1.435283,7.440650e-01,2.082809e+02,2.007527e-08,2.838990e-01,2.972831e-02,-7.031717e+00
173,1.443628,6.486120e-01,2.063980e+02,1.077788e-07,4.125725e-01,2.883236e-02,-7.093779e+00
174,1.451973,5.657043e-01,1.356929e+02,1.305267e-07,4.568508e-01,4.009788e-02,-6.591434e+00
175,1.460317,5.725777e-01,6.751292e+01,2.812926e-07,6.618844e-01,6.581527e-02,-5.724564e+00
176,1.468662,6.484070e-01,6.450293e+01,2.662367e-07,6.502068e-01,1.011033e-01,-4.672924e+00
177,1.477007,7.568591e-01,1.290059e+02,2.348628e-07,5.716497e-01,1.346254e-01,-4.042362e+00
178,1.485351,8.180553e-01,1.926818e+02,1.322243e-07,4.960731e-01,1.602951e-01,-3.678413e+00
179,1.493696,8.621472e-01,1.910279e+02,7.942424e-07,7.036018e-01,1.877636e-01,-3.357755e+00
180,1.502041,8.799689e-01,1.891077e+02,1.056948e-06,9.231703e-01,2.076443e-01,-3.151421e+00
181,1.510385,8.845323e-01,1.872288e+02,7.745676e-06,1.556933e+00,2.239661e-01,-2.993394e+00
182,1.518730,8.858097e-01,1.854043e+02,7.094324e-06,1.357822e+00,2.287483e-01,-2.950488e+00
183,1.527075,8.890653e-01,1.833439e+02,7.860207e-06,1.513867e+00,2.307529e-01,-2.932831e+00
184,1.535420,8.930809e-01,1.815751e+02,2.376717e-06,1.188504e+00,2.296938e-01,-2.942024e+00
185,1.543764,8.982871e-01,1.800926e+02,3.104950e-06,1.400353e+00,2.252266e-01,-2.982017e+00
186,1.552109,9.022171e-01,1.788714e+02,2.819306e-06,1.357053e+00,2.183433e-01,-3.044709e+00
187,1.560454,9.024501e-01,1.783853e+02,3.838498e-06,1.453946e+00,2.077103e-01,-3.144788e+00
188,1.568798,9.012143e-01,1.788714e+02,3.134061e-06,1.258605e+00,1.974504e-01,-3.246886e+00
189,1.577143,8.865554e-01,1.795986e+02,3.415837e-06,1.301379e+00,1.837466e-01,-3.392577e+00
190,1.585488,8.474992e-01,1.798396e+02,1.271377e-06,9.591916e-01,1.738215e-01,-3.501856e+00
191,1.593832,8.040376e-01,1.795946e+02,1.632796e-06,1.088826e+00,1.646843e-01,-3.608155e+00
192,1.602177,8.002345e-01,1.793496e+02,6.350635e-07,7.857624e-01,1.626898e-01,-3.632287e+00
193,1.610522,8.384017e-01,1.795946e+02,8.671232e-07,8.764337e-01,1.586839e-01,-3.682023e+00
194,1.618866,8.859733e-01,1.800846e+02,1.311778e-06,9.577519e-01,1.595464e-01,-3.671233e+00
195,1.627211,9.068255e-01,1.805747e+02,4.773185e-06,1.467803e+00,1.573631e-01,-3.698691e+00
196,1.635556,9.100072e-01,1.808197e+02,5.439523e-06,1.593606e+00,1.521018e-01,-3.770217e+00
197,1.643900,9.002387e-01,1.808197e+02,8.718342e-06,1.854465e+00,1.388642e-01,-3.958829e+00
198,1.652245,8.841267e-01,1.808197e+02,6.524444e-06,1.681290e+00,1.200198e-01,-4.259385e+00
199,1.660590,8.537647e-01,1.818412e+02,7.374000e-06,1.773873e+00,1.005780e-01,-4.620825e+00
200,1.668934,7.847326e-01,1.841507e+02,4.398555e-06,1.553387e+00,8.033281e-02,-5.083051e+00
201,1.677279,6.788650e-01,1.920687e+02,3.120000e-06,1.196623e+00,6.400207e-02,-5.536722e+00
202,1.685624,5.452945e-01,1.307739e+02,1.517459e-06,9.512608e-01,5.236319e-02,-5.912475e+00
203,1.693968,4.295040e-01,6.819117e+01,4.523014e-07,7.250751e-01,4.716034e-02,-6.110596e+00
204,1.702313,3.388959e-01,0,6.404145e-07,8.701684e-01,4.612262e-02,-6.153229e+00
205,1.710658,2.812956e-01,0,1.647276e-06,1.054947e+00,4.828142e-02,-6.065633e+00
206,1.719002,2.352311e-01,0,1.753731e-06,1.099590e+00,5.090069e-02,-5.958565e+00
207,1.727347,2.132566e-01,0,1.568979e-06,9.612105e-01,5.484995e-02,-5.809098e+00
208,1.735692,2.112927e-01,0,6.755167e-07,8.108061e-01,5.686907e-02,-5.736432e+00
209,1.744036,2.379420e-01,0,4.198920e-07,6.092036e-01,5.824789e-02,-5.686296e+00
210,1.752381,2.811246e-01,0,4.808012e-07,6.790474e-01,5.760421e-02,-5.708485e+00
211,1.760726,3.079042e-01,0,4.592731e-07,6.731228e-01,7.930901e-02,-5.210661e+00
212,1.769070,3.852749e-01,0,8.782465e-07,9.230753e-01,1.160383e-01,-4.494037e+00
213,1.777415,4.958322e-01,0,8.518720e-07,8.997092e-01,1.610424e-01,-3.684845e+00
214,1.785760,6.568618e-01,7.070513e+01,4.982549e-07,6.820267e-01,1.952439e-01,-3.282337e+00
215,1.794104,7.763616e-01,1.414103e+02,1.242129e-07,5.149610e-01,2.251058e-01,-2.996422e+00
216,1.802449,8.443759e-01,2.121154e+02,1.454857e-06,8.287080e-01,2.561016e-01,-2.733202e+00
217,1.810794,8.685979e-01,2.124586e+02,6.896184e-06,1.474431e+00,2.791965e-01,-2.555192e+00
218,1.819138,8.728048e-01,2.134950e+02,1.288610e-05,2.077489e+00,2.939169e-01,-2.449429e+00
219,1.827483,8.811942e-01,2.152383e+02,1.226466e-05,1.994123e+00,3.050225e-01,-2.375738e+00
220,1.835828,8.982779e-01,2.173593e+02,1.423707e-05,2.068929e+00,3.175864e-01,-2.295746e+00
221,1.844172,9.148097e-01,2.195224e+02,8.578101e-06,1.621659e+00,3.324387e-01,-2.203724e+00
222,1.852517,9.219758e-01,2.213501e+02,1.621483e-05,2.071278e+00,3.439598e-01,-2.135015e+00
223,1.860862,9.204429e-01,2.228359e+02,1.109589e-05,1.821120e+00,3.504275e-01,-2.097298e+00
224,1.869206,9.205313e-01,2.239652e+02,5.221356e-05,2.890562e+00,3.534634e-01,-2.079956e+00
225,1.877551,9.224012e-01,2.247231e+02,4.593060e-05,2.593591e+00,3.476956e-01,-2.113470e+00
226,1.885896,9.171703e-01,2.251021e+02,4.437945e-05,2.424209e+00,3.319081e-01,-2.209587e+00
227,1.894240,9.002333e-01,2.251021e+02,3.509078e-06,1.410708e+00,3.028882e-01,-2.397341e+00
228,1.902585,8.685523e-01,2.247231e+02,5.389051e-06,1.532491e+00,2.684198e-01,-2.642872e+00
229,1.910930,8.019142e-01,2.239652e+02,4.732259e-06,1.338271e+00,2.328109e-01,-2.929857e+00
230,1.919274,7.541627e-01,2.228359e+02,1.482179e-05,1.878802e+00,1.987313e-01,-3.250707e+00
231,1.927619,7.657143e-01,2.217142e+02,1.119989e-05,1.522818e+00,1.794261e-01,-3.441952e+00
232,1.935964,8.360402e-01,2.209714e+02,1.216079e-05,1.762514e+00,1.769495e-01,-3.467376e+00
233,1.944308,8.966230e-01,2.181947e+02,1.815705e-06,1.163779e+00,1.942081e-01,-3.285815e+00
234,1.952653,9.140568e-01,2.133841e+02,5.102061e-06,1.501544e+00,2.198280e-01,-3.042291e+00
235,1.960998,9.177250e-01,2.085735e+02,1.755690e-05,2.042033e+00,2.494146e-01,-2.788002e+00
236,1.969342,9.150381e-01,2.061682e+02,1.899581e-05,2.250705e+00,2.750116e-01,-2.586161e+00
237,1.977687,9.066407e-01,2.058501e+02,1.556823e-05,1.867777e+00,2.943561e-01,-2.447583e+00
238,1.986032,8.900172e-01,2.049014e+02,1.066225e-05,1.739695e+00,3.068392e-01,-2.363868e+00
239,1.994376,8.842950e-01,2.030327e+02,1.660170e-05,2.042306e+00,3.163976e-01,-2.301817e+00
240,2.002721,8.910542e-01,2.002881e+02,2.553433e-05,2.641928e+00,3.190474e-01,-2.284894e+00
241,2.011066,9.019921e-01,1.973024e+02,4.275242e-05,2.987066e+00,3.130769e-01,-2.323626e+00
242,2.019410,9.075623e-01,1.949512e+02,4.484410e-05,3.050705e+00,3.018283e-01,-2.397277e+00
243,2.027755,9.039552e-01,1.937942e+02,3.600304e-05,2.481966e+00,2.816222e-01,-2.538688e+00
244,2.036100,8.888949e-01,1.935088e+02,1.103535e-05,1.695642e+00,2.563203e-01,-2.733593e+00
245,2.044444,8.578290e-01,1.932283e+02,2.235350e-06,1.244935e+00,2.225023e-01,-3.021992e+00
246,2.052789,8.048239e-01,1.923918e+02,2.992877e-06,1.387904e+00,1.976142e-01,-3.251302e+00
247,2.061134,7.169125e-01,1.910088e+02,2.113648e-05,2.066132e+00,1.829252e-01,-3.397688e+00
248,2.069478,6.764731e-01,1.881024e+02,2.009967e-05,1.708843e+00,1.847415e-01,-3.378585e+00
249,2.077823,7.070500e-01,1.847133e+02,1.953015e-05,1.614021e+00,1.958901e-01,-3.266045e+00
250,2.086168,8.113657e-01,1.826179e+02,6.485830e-07,7.393079e-01,2.206939e-01,-3.034794e+00
251,2.094512,8.845384e-01,1.825796e+02,7.352567e-07,8.560276e-01,2.487117e-01,-2.793665e+00
252,2.102857,9.072248e-01,1.838376e+02,5.693964e-06,1.247502e+00,2.679738e-01,-2.635175e+00
253,2.111202,9.093787e-01,1.848676e+02,5.582699e-06,1.119310e+00,2.786076e-01,-2.556262e+00
254,2.119546,9.143671e-01,1.861725e+02,9.257453e-06,1.580286e+00,2.803304e-01,-2.543936e+00
255,2.127891,9.198215e-01,1.877572e+02,5.822321e-06,1.382486e+00,2.867657e-01,-2.498400e+00
256,2.136236,9.151438e-01,1.893690e+02,1.035162e-05,1.993911e+00,2.874909e-01,-2.493344e+00
257,2.144580,9.069889e-01,1.910088e+02,1.573438e-05,2.204288e+00,2.887288e-01,-2.484625e+00
258,2.152925,9.053497e-01,1.929677e+02,1.370710e-05,1.759445e+00,2.898982e-01,-2.476674e+00
259,2.161270,9.089195e-01,1.952518e+02,1.181986e-05,1.650809e+00,2.952812e-01,-2.440297e+00
260,2.169615,9.168112e-01,1.975767e+02,3.981961e-06,1.253472e+00,3.036611e-01,-2.384097e+00
261,2.177959,9.233842e-01,1.999653e+02,6.399534e-06,1.729251e+00,3.089677e-01,-2.349163e+00
262,2.186304,9.279420e-01,2.021012e+02,1.864209e-05,2.150362e+00,3.128502e-01,-2.324105e+00
263,2.194649,9.303351e-01,2.036403e+02,2.594771e-05,2.531658e+00,3.161901e-01,-2.302963e+00
264,2.202993,9.291671e-01,2.039469e+02,2.908105e-05,2.702243e+00,3.180353e-01,-2.291233e+00
265,2.211338,9.269142e-01,2.030156e+02,2.365054e-05,2.569688e+00,3.172548e-01,-2.296196e+00
266,2.219683,9.211631e-01,2.017777e+02,6.731887e-05,3.204158e+00,3.136495e-01,-2.319046e+00
267,2.228027,9.167289e-01,2.002552e+02,7.215757e-05,3.364302e+00,3.122880e-01,-2.327682e+00
268,2.236372,9.162000e-01,1.984644e+02,6.340822e-05,2.873850e+00,3.102093e-01,-2.341081e+00
269,2.244717,9.173651e-01,1.964042e+02,6.300794e-05,2.870352e+00,3.101843e-01,-2.341243e+00
270,2.253061,9.148001e-01,1.940994e+02,6.255961e-05,2.858067e+00,3.032935e-01,-2.386750e+00
271,2.261406,8.982493e-01,1.918551e+02,7.470824e-05,3.436231e+00,2.900568e-01,-2.479039e+00
272,2.269751,8.633555e-01,1.896495e+02,2.484064e-05,2.493198e+00,2.691494e-01,-2.629695e+00
273,2.278095,8.221762e-01,1.877572e+02,1.641034e-05,2.095735e+00,2.404137e-01,-2.862360e+00
274,2.286440,7.792943e-01,1.856702e+02,5.744338e-05,2.631228e+00,2.063606e-01,-3.183166e+00
275,2.294785,7.113853e-01,1.831157e+02,5.576234e-05,2.394209e+00,1.581698e-01,-3.768575e+00
276,2.303129,6.078191e-01,1.808444e+02,5.810626e-05,2.563680e+00,1.156320e-01,-4.410561e+00
277,2.311474,5.492387e-01,1.198114e+02,6.633767e-06,1.635389e+00,7.698982e-02,-5.216145e+00
278,2.319819,6.079948e-01,5.978320e+01,6.323030e-06,1.461019e+00,4.654111e-02,-6.679156e+00
279,2.328163,7.366477e-01,4.744086e+01,2.469510e-06,8.984628e-01,2.197348e-02,-8.504818e+00
280,2.336508,8.464697e-01,9.963116e+01,5.042031e-08,3.906011e-01,6.949353e-03,-1.013211e+01
281,2.344853,8.737335e-01,1.580494e+02,2.096223e-08,2.473881e-01,4.338642e-03,-1.089979e+01
282,2.353197,8.637889e-01,1.838118e+02,8.753827e-09,1.983577e-01,3.682714e-03,-1.122514e+01
283,2.361542,7.630729e-01,2.023142e+02,5.146544e-09,1.709567e-01,7.190605e-03,-1.039998e+01
284,2.369887,5.823829e-01,2.039754e+02,5.648676e-09,2.011441e-01,1.277705e-02,-9.248099e+00
285,2.378231,4.045932e-01,1.307721e+02,2.329541e-09,1.392371e-01,1.902489e-02,-7.951561e+00
286,2.386576,2.994142e-01,6.007941e+01,6.280003e-10,9.604039e-02,2.874322e-02,-7.226551e+00
287,2.394921,3.187323e-01,0,5.700343e-10,9.437287e-02,5.903212e-02,-6.095095e+00
288,2.403265,4.567997e-01,0,8.628770e-10,1.142647e-01,1.050122e-01,-4.769219e+00
289,2.411610,6.362798e-01,6.450293e+01,1.593944e-08,2.200727e-01,1.518936e-01,-3.812803e+00
290,2.419955,8.026114e-01,1.284498e+02,3.892828e-08,3.240910e-01,1.865157e-01,-3.373195e+00
291,2.428299,8.699121e-01,1.923967e+02,1.160920e-07,4.973699e-01,2.110760e-01,-3.120426e+00
292,2.436644,9.023835e-01,1.921162e+02,4.043737e-06,1.064966e+00,2.347552e-01,-2.903402e+00
293,2.444989,9.073574e-01,1.921114e+02,4.990611e-06,1.373921e+00,2.477167e-01,-2.792629e+00
294,2.453333,9.037545e-01,1.918309e+02,5.403532e-06,1.533013e+00,2.527938e-01,-2.750500e+00
295,2.461678,9.033971e-01,1.907283e+02,5.551483e-06,1.540785e+00,2.532644e-01,-2.746828e+00
296,2.470023,9.097607e-01,1.896353e+02,5.656153e-06,1.555119e+00,2.521940e-01,-2.755311e+00
297,2.478367,9.171526e-01,1.888179e+02,5.226762e-06,1.381145e+00,2.551023e-01,-2.732326e+00
298,2.486712,9.197341e-01,1.882807e+02,2.041591e-06,1.123798e+00,2.503465e-01,-2.770392e+00
299,2.495057,9.152026e-01,1.877481e+02,5.134546e-05,2.152238e+00,2.442155e-01,-2.821172e+00
300,2.503401,8.969037e-01,1.872155e+02,5.575767e-05,2.678387e+00,2.311713e-01,-2.931090e+00
301,2.511746,8.736782e-01,1.869492e+02,5.673602e-05,2.788957e+00,2.175050e-01,-3.054391e+00
302,2.520091,8.598093e-01,1.869492e+02,7.839060e-06,1.808397e+00,2.033244e-01,-3.189183e+00
303,2.528435,8.730938e-01,1.869492e+02,1.253478e-05,1.982926e+00,1.857324e-01,-3.373669e+00
304,2.536780,8.971222e-01,1.877620e+02,1.190331e-05,1.918321e+00,1.718664e-01,-3.527560e+00
305,2.545125,9.165239e-01,1.896681e+02,1.488388e-05,2.122731e+00,1.588894e-01,-3.680552e+00
306,2.553469,9.219747e-01,1.915742e+02,7.534368e-06,1.776381e+00,1.550122e-01,-3.729123e+00
307,2.561814,9.202540e-01,1.921114e+02,6.317996e-06,1.451600e+00,1.517446e-01,-3.771216e+00
308,2.570159,9.064494e-01,1.910088e+02,3.594500e-06,1.272828e+00,1.529108e-01,-3.755939e+00
309,2.578503,8.859496e-01,1.896353e+02,2.417200e-06,1.124001e+00,1.575925e-01,-3.697719e+00
310,2.586848,8.798473e-01,1.888179e+02,4.544876e-06,1.537162e+00,1.655540e-01,-3.599461e+00
311,2.595193,8.930533e-01,1.885470e+02,2.937161e-06,1.242049e+00,1.781135e-01,-3.453905e+00
312,2.603537,9.121537e-01,1.882807e+02,3.079227e-06,1.267124e+00,1.867874e-01,-3.357877e+00
313,2.611882,9.199236e-01,1.877481e+02,2.584176e-05,1.899124e+00,1.953333e-01,-3.266386e+00
314,2.620227,9.213026e-01,1.872155e+02,2.800755e-05,2.241884e+00,1.975239e-01,-3.243960e+00
315,2.628571,9.232367e-01,1.869492e+02,2.891567e-05,2.353716e+00,2.068438e-01,-3.154191e+00
316,2.636916,9.181960e-01,1.869492e+02,4.444804e-06,1.503542e+00,2.186571e-01,-3.045395e+00
317,2.645261,9.024928e-01,1.869492e+02,4.380557e-06,1.498501e+00,2.369018e-01,-2.883168e+00
318,2.653605,8.917230e-01,1.866873e+02,3.240968e-06,1.343748e+00,2.527552e-01,-2.753724e+00
319,2.661950,8.935480e-01,1.861637e+02,2.956379e-06,1.250460e+00,2.677897e-01,-2.636843e+00
320,2.670295,9.076490e-01,1.853825e+02,9.656246e-06,1.554649e+00,2.818825e-01,-2.533975e+00
321,2.678639,9.156480e-01,1.846057e+02,1.285898e-05,1.856010e+00,2.879101e-01,-2.490679e+00
322,2.686984,9.155574e-01,1.838376e+02,5.803736e-05,3.038665e+00,2.897360e-01,-2.477784e+00
323,2.695329,9.133773e-01,1.828246e+02,5.438151e-05,2.908078e+00,2.841174e-01,-2.516916e+00
324,2.703673,9.076464e-01,1.815751e+02,8.079738e-05,3.506702e+00,2.772525e-01,-2.566454e+00
325,2.712018,8.978636e-01,1.798554e+02,4.041665e-05,2.800980e+00,2.701644e-01,-2.617970e+00
326,2.720363,8.839949e-01,1.776966e+02,5.594123e-05,3.189599e+00,2.610936e-01,-2.686433e+00
327,2.728707,8.792823e-01,1.751198e+02,3.153185e-05,2.685431e+00,2.530456e-01,-2.749624e+00
328,2.737052,8.835957e-01,1.721697e+02,6.563578e-05,3.327539e+00,2.442212e-01,-2.819877e+00
329,2.745397,8.909879e-01,1.693039e+02,4.658291e-05,2.723611e+00,2.353463e-01,-2.894440e+00
330,2.753741,8.899917e-01,1.669344e+02,4.111299e-05,2.260215e+00,2.296930e-01,-2.942705e+00
331,2.762086,8.846473e-01,1.652520e+02,2.613279e-06,1.260513e+00,2.228916e-01,-3.002404e+00
332,2.770431,8.810104e-01,1.638259e+02,1.716298e-06,1.154117e+00,2.198218e-01,-3.030267e+00
333,2.778776,8.819310e-01,1.622234e+02,2.540286e-05,2.035906e+00,2.155168e-01,-3.069518e+00
334,2.787120,8.852410e-01,1.606444e+02,2.516551e-05,1.977746e+00,2.153867e-01,-3.070714e+00
335,2.795465,8.878827e-01,1.592856e+02,2.749723e-05,2.192056e+00,2.154218e-01,-3.070389e+00
336,2.803810,8.866010e-01,1.583299e+02,3.206470e-05,2.256611e+00,2.150187e-01,-3.074184e+00
337,2.812154,8.854939e-01,1.577604e+02,3.179396e-05,2.126421e+00,2.140435e-01,-3.083216e+00
338,2.820499,8.842623e-01,1.573852e+02,3.385087e-05,2.232223e+00,2.127976e-01,-3.094860e+00
339,2.828844,8.848808e-01,1.570127e+02,1.729673e-05,1.942030e+00,2.115481e-01,-3.106767e+00
340,2.837188,8.849799e-01,1.566402e+02,1.723367e-05,1.804744e+00,2.064248e-01,-3.156337e+00
341,2.845533,8.863463e-01,1.562703e+02,1.301561e-05,1.509497e+00,2.004002e-01,-3.215699e+00
342,2.853878,8.856874e-01,1.559030e+02,1.555181e-06,9.163918e-01,1.915891e-01,-3.306306e+00
343,2.862222,8.724793e-01,1.555358e+02,2.829310e-06,1.348514e+00,1.777343e-01,-3.462392e+00
344,2.870567,8.393345e-01,1.553521e+02,4.601522e-06,1.512809e+00,1.613997e-01,-3.656408e+00
345,2.878912,8.130798e-01,1.553521e+02,4.219405e-06,1.391405e+00,1.445703e-01,-3.873615e+00
346,2.887256,8.150208e-01,1.553521e+02,6.628634e-06,1.578221e+00,1.267535e-01,-4.149866e+00
347,2.895601,8.473936e-01,1.557220e+02,4.201853e-06,1.290660e+00,1.081263e-01,-4.474180e+00
348,2.903946,8.762665e-01,1.564618e+02,4.586166e-06,1.412539e+00,9.202758e-02,-4.780543e+00
349,2.912290,8.910956e-01,1.572015e+02,1.208524e-06,1.052427e+00,8.352346e-02,-4.967957e+00
350,2.920635,8.920097e-01,1.575714e+02,9.310249e-07,9.342698e-01,7.729181e-02,-5.124781e+00
351,2.928980,8.932330e-01,1.575714e+02,5.339851e-07,8.054860e-01,7.073010e-02,-5.305786e+00
352,2.937324,8.916277e-01,1.575714e+02,2.305293e-07,5.673116e-01,6.425577e-02,-5.495031e+00
353,2.945669,8.928967e-01,1.573852e+02,3.225342e-07,6.202396e-01,5.762606e-02,-5.716024e+00
354,2.954014,8.948032e-01,1.570127e+02,2.928506e-07,6.021719e-01,5.137223e-02,-5.951246e+00
355,2.962358,8.914371e-01,1.566402e+02,4.061269e-07,7.585936e-01,4.464806e-02,-6.229192e+00
356,2.970703,8.852139e-01,1.564539e+02,8.400251e-07,8.813294e-01,3.856078e-02,-6.527637e+00
357,2.979048,8.802258e-01,1.566402e+02,9.241015e-07,9.263695e-01,3.276009e-02,-6.859837e+00
358,2.987392,8.752204e-01,1.568264e+02,9.192404e-07,9.232910e-01,2.685279e-02,-7.263796e+00
359,2.995737,8.591272e-01,1.568264e+02,4.908645e-07,8.030587e-01,2.123860e-02,-7.754189e+00
360,3.004082,8.360193e-01,1.566402e+02,3.187373e-07,6.619859e-01,1.559078e-02,-8.415038e+00
361,3.012426,8.258590e-01,1.562703e+02,2.314475e-07,5.746488e-01,1.064350e-02,-9.212374e+00
362,3.020771,8.425444e-01,1.562729e+02,4.453875e-08,3.458147e-01,6.611444e-03,-1.022320e+01
363,3.029116,5.706679e-01,1.653994e+02,2.566588e-08,2.309490e-01,4.135456e-03,-1.112883e+01
364,3.037460,2.919153e-01,1.134317e+02,1.898831e-09,1.388692e-01,2.697181e-03,-1.186926e+01
365,3.045805,6.035632e-04,6.127778e+01,1.557649e-09,1.288868e-01,2.150682e-03,-1.230759e+01
366,3.054150,2.202089e-01,0,2.661076e-09,1.639412e-01,1.765948e-03,-1.270504e+01
367,3.062494,3.082121e-01,0,1.931581e-09,1.482853e-01,1.390988e-03,-1.320963e+01
368,3.070839,5.837776e-01,0,1.659315e-09,1.309256e-01,1.125646e-03,-1.361003e+01
369,3.079184,6.634293e-01,6.680959e+01,4.870691e-10,6.972990e-02,9.770532e-04,-1.386209e+01
370,3.087528,5.797800e-01,1.382715e+02,5.429502e-11,2.434687e-02,9.709511e-04,-1.387448e+01
371,3.095873,6.015716e-01,1.382715e+02,0,0,9.756056e-04,-1.386492e+01
372,3.104218,5.421944e-01,1.549714e+02,6.781638e-11,2.602649e-02,9.752202e-04,-1.386572e+01
373,3.112562,7.848635e-01,1.705033e+02,3.990947e-10,6.791288e-02,9.201542e-04,-1.398938e+01
374,3.120907,5.293080e-01,2.633946e+02,4.058555e-10,8.094498e-02,8.219550e-04,-1.422747e+01
375,3.129252,2.926069e-01,1.798850e+02,3.381226e-10,5.840563e-02,7.358277e-04,-1.443423e+01
376,3.137596,4.562504e-02,9.289124e+01,1.360503e-11,2.955132e-02,7.037543e-04,-1.451848e+01
377,3.145941,3.378239e-03,0,1.519089e-11,3.040176e-02,7.106787e-04,-1.449860e+01
378,3.154286,1.388967e-03,0,1.486537e-10,5.880831e-02,6.831977e-04,-1.458081e+01
379,3.162630,9.881198e-02,0,2.327879e-10,7.419314e-02,6.289449e-04,-1.475320e+01
380,3.170975,3.973349e-01,0,2.545727e-10,8.071487e-02,6.804049e-04,-1.462154e+01
381,3.179320,7.025800e-01,1.010934e+02,1.398063e-10,6.652731e-02,8.714779e-04,-1.418927e+01
382,3.187664,9.156762e-01,2.197266e+02,4.899480e-11,4.159752e-02,1.191611e-03,-1.351698e+01
383,3.196009,9.327478e-01,3.558994e+02,1.886342e-11,2.119326e-02,1.515283e-03,-1.301380e+01
384,3.204354,9.466484e-01,3.909789e+02,2.420527e-11,2.257415e-02,1.901316e-03,-1.256382e+01
385,3.212698,9.599969e-01,4.060869e+02,9.193840e-11,4.511352e-02,2.349057e-03,-1.214000e+01
386,3.221043,6.448601e-01,4.049398e+02,5.191628e-10,9.032118e-02,2.791387e-03,-1.177685e+01
387,3.229388,3.249585e-01,2.687670e+02,7.476109e-10,1.098468e-01,3.149033e-03,-1.152697e+01
388,3.237732,1.303422e-03,1.350258e+02,1.054558e-09,1.272856e-01,3.442391e-03,-1.134785e+01
389,3.246077,1.505236e-03,0,1.462081e-09,1.373469e-01,3.745019e-03,-1.117946e+01
390,3.254422,3.279306e-01,0,2.753642e-09,1.652035e-01,4.047954e-03,-1.102286e+01
391,3.262766,6.380343e-01,1.564539e+02,3.591018e-09,1.835514e-01,5.348016e-03,-1.054621e+01
392,3.271111,8.770570e-01,3.129078e+02,4.188724e-09,1.932712e-01,7.139409e-03,-9.984791e+00
393,3.279456,7.201098e-01,4.693617e+02,3.980264e-09,1.904413e-01,9.915167e-03,-9.270818e+00
394,3.287800,5.239919e-01,3.129078e+02,4.551392e-09,1.980314e-01,1.203037e-02,-8.867550e+00
395,3.296145,3.729832e-01,1.564539e+02,4.935043e-09,2.028268e-01,1.390383e-02,-8.556182e+00
396,3.304490,2.825336e-01,0,1.225425e-08,2.506666e-01,1.514293e-02,-8.384652e+00
397,3.312834,2.324917e-01,0,5.137698e-08,3.589076e-01,1.629426e-02,-8.237466e+00
398,3.321179,2.071532e-01,0,5.037474e-08,3.439740e-01,1.767661e-02,-8.075327e+00
399,3.329524,1.824691e-01,0,7.094139e-08,3.930876e-01,1.885350e-02,-7.945239e+00
400,3.337868,1.973449e-01,0,5.185626e-08,3.625650e-01,2.010660e-02,-7.815071e+00
401,3.346213,2.171772e-01,0,5.957794e-08,4.187302e-01,2.136351e-02,-7.695582e+00
402,3.354558,2.499752e-01,0,4.692314e-08,3.935896e-01,5.493655e-02,-6.494764e+00
403,3.362902,3.436689e-01,0,7.745454e-08,4.377595e-01,1.108742e-01,-5.036063e+00
404,3.371247,4.961272e-01,0,9.704532e-08,4.855067e-01,1.816328e-01,-3.485356e+00
405,3.379592,6.856688e-01,1.476897e+02,1.456205e-07,5.543097e-01,2.341130e-01,-2.928609e+00
406,3.387937,8.080380e-01,2.913680e+02,1.040556e-07,4.821120e-01,2.760465e-01,-2.588490e+00
407,3.396281,8.771220e-01,4.274246e+02,9.069187e-07,7.617726e-01,3.129345e-01,-2.331468e+00
408,3.404626,9.069157e-01,4.088712e+02,2.978963e-06,1.139577e+00,3.414650e-01,-2.152571e+00
409,3.412971,9.158909e-01,3.880107e+02,6.417075e-06,1.692406e+00,3.587638e-01,-2.050842e+00
410,3.421315,9.069805e-01,3.690852e+02,5.645870e-06,1.453046e+00,3.661001e-01,-2.009721e+00
411,3.429660,8.982277e-01,3.305995e+02,4.434201e-06,1.323811e+00,3.677545e-01,-2.000684e+00
412,3.438005,9.039517e-01,2.765586e+02,1.104493e-05,1.578269e+00,3.681149e-01,-1.998721e+00
413,3.446349,9.209701e-01,2.297959e+02,2.261761e-05,2.346853e+00,3.667749e-01,-2.006045e+00
414,3.454694,9.331889e-01,2.091770e+02,2.736552e-05,2.674161e+00,3.610411e-01,-2.037904e+00
415,3.463039,9.319730e-01,2.104319e+02,4.750033e-05,3.036009e+00,3.546836e-01,-2.073404e+00
416,3.471383,9.264758e-01,2.097649e+02,7.630305e-05,3.474549e+00,3.490095e-01,-2.105341e+00
417,3.479728,9.237418e-01,2.087801e+02,7.564416e-05,3.446185e+00,3.443714e-01,-2.132273e+00
418,3.488073,9.246947e-01,2.074711e+02,4.578720e-05,2.492530e+00,3.394519e-01,-2.161103e+00
419,3.496417,9.260389e-01,2.061742e+02,1.845243e-05,2.089112e+00,3.358569e-01,-2.182159e+00
420,3.504762,9.255875e-01,2.052137e+02,2.803966e-05,2.373288e+00,3.330344e-01,-2.199098e+00
421,3.513107,9.187014e-01,2.042651e+02,2.884745e-05,2.521426e+00,3.252015e-01,-2.247740e+00
422,3.521451,9.094623e-01,2.033223e+02,3.748577e-05,2.685966e+00,3.118420e-01,-2.332391e+00
423,3.529796,9.026230e-01,2.026976e+02,4.585167e-05,2.836746e+00,2.944981e-01,-2.447143e+00
424,3.538141,9.036178e-01,2.023853e+02,4.478831e-05,2.572829e+00,2.730984e-01,-2.601587e+00
425,3.546485,9.032293e-01,2.014818e+02,2.555595e-05,2.016081e+00,2.427662e-01,-2.846453e+00
426,3.554830,8.839617e-01,1.993843e+02,5.516557e-06,1.469089e+00,2.077519e-01,-3.164279e+00
427,3.563175,8.324826e-01,1.967109e+02,6.797011e-06,1.758808e+00,1.732944e-01,-3.527172e+00
428,3.571519,7.547276e-01,1.958283e+02,4.373619e-06,1.367874e+00,1.387026e-01,-3.997530e+00
429,3.579864,6.396595e-01,1.953128e+02,8.079282e-06,1.545752e+00,1.064081e-01,-4.549971e+00
430,3.588209,5.210391e-01,1.305245e+02,6.718572e-06,1.105279e+00,8.201826e-02,-5.028384e+00
431,3.596553,4.160510e-01,6.484875e+01,7.314944e-06,1.298359e+00,7.273350e-02,-5.242867e+00
432,3.604898,3.827917e-01,0,9.896247e-07,8.064671e-01,7.334027e-02,-5.226898e+00
433,3.613243,3.641415e-01,0,1.071694e-06,9.586623e-01,7.711073e-02,-5.126659e+00
434,3.621587,3.265864e-01,0,4.467191e-07,7.394205e-01,8.188348e-02,-5.007849e+00
435,3.629932,2.765490e-01,0,8.588413e-07,8.337986e-01,8.530992e-02,-4.924218e+00
436,3.638277,2.777425e-01,0,1.763767e-06,1.075441e+00,8.566778e-02,-4.915443e+00
437,3.646621,3.331585e-01,0,2.555899e-06,1.322839e+00,8.307389e-02,-4.977376e+00
438,3.654966,3.600535e-01,0,4.612622e-06,1.532407e+00,7.897314e-02,-5.078778e+00
439,3.663311,3.700947e-01,0,4.350076e-06,1.491561e+00,7.676009e-02,-5.134994e+00
440,3.671655,3.684952e-01,0,3.723191e-06,1.344809e+00,8.324336e-02,-4.989800e+00
441,3.680000,4.291460e-01,0,1.103885e-06,9.816721e-01,1.128358e-01,-4.468573e+00
442,3.688345,5.429536e-01,0,7.591775e-07,9.077207e-01,1.526435e-01,-3.836045e+00
443,3.696689,6.859694e-01,6.746178e+01,8.476588e-07,9.391614e-01,1.914764e-01,-3.318878e+00
444,3.705034,8.134515e-01,1.349236e+02,6.945118e-07,7.672651e-01,2.117124e-01,-3.108551e+00
445,3.713379,8.727327e-01,2.023853e+02,6.530462e-06,1.222039e+00,2.211544e-01,-3.018080e+00
446,3.721723,8.832879e-01,2.020787e+02,6.503253e-06,1.213133e+00,2.195284e-01,-3.033316e+00
447,3.730068,8.577402e-01,2.011643e+02,8.325628e-06,1.673848e+00,1.997453e-01,-3.238131e+00
448,3.738413,8.388951e-01,1.990771e+02,6.269957e-06,1.582870e+00,1.667236e-01,-3.629241e+00
449,3.746757,8.312020e-01,1.940650e+02,5.999034e-06,1.382489e+00,1.217748e-01,-4.308622e+00
450,3.755102,8.219590e-01,1.873009e+02,4.852327e-06,1.240093e+00,8.095291e-02,-5.212121e+00
451,3.763447,7.873288e-01,1.819545e+02,8.478192e-07,7.952469e-01,4.954008e-02,-6.161043e+00
452,3.771791,7.131510e-01,1.821995e+02,1.193159e-06,1.018760e+00,2.980865e-02,-7.162212e+00
453,3.780136,6.294137e-01,1.893533e+02,5.238128e-07,7.266824e-01,1.793421e-02,-8.371888e+00
454,3.788481,4.761963e-01,1.293251e+02,3.738119e-07,5.660599e-01,1.701177e-02,-8.436621e+00
455,3.796825,3.698009e-01,6.693700e+01,1.853592e-08,2.443479e-01,2.289907e-02,-7.960934e+00
456,3.805170,2.918977e-01,0,7.703485e-09,1.709098e-01,3.268739e-02,-6.857301e+00
457,3.813515,3.183297e-01,0,7.067103e-10,1.006754e-01,3.624875e-02,-6.636002e+00
458,3.821859,3.556441e-01,0,8.519416e-10,1.166135e-01,3.821401e-02,-6.531176e+00
459,3.830204,4.233633e-01,0,3.260828e-07,4.002131e-01,4.082445e-02,-6.400935e+00
460,3.838549,4.846201e-01,0,3.512556e-07,5.189402e-01,5.286150e-02,-5.954096e+00
461,3.846893,5.642079e-01,0,4.317269e-07,7.026968e-01,8.126481e-02,-5.199214e+00
462,3.855238,6.496102e-01,7.580756e+01,1.300801e-07,5.232071e-01,1.234734e-01,-4.297145e+00
463,3.863583,7.447094e-01,1.516151e+02,1.237045e-07,5.104013e-01,1.693232e-01,-3.596496e+00
464,3.871927,8.220627e-01,2.278175e+02,7.010779e-07,7.014184e-01,2.096493e-01,-3.147119e+00
465,3.880272,8.760607e-01,2.290103e+02,6.878404e-07,6.691673e-01,2.444241e-01,-2.829232e+00
466,3.888617,9.147523e-01,2.306063e+02,1.015429e-05,1.438260e+00,2.717310e-01,-2.610962e+00
467,3.896961,9.375852e-01,2.322191e+02,1.140267e-05,1.591927e+00,2.904502e-01,-2.474241e+00
468,3.905306,9.419971e-01,2.334457e+02,1.674141e-05,2.239132e+00,3.017745e-01,-2.396607e+00
469,3.913651,9.368374e-01,2.346897e+02,1.429209e-05,2.161117e+00,3.050449e-01,-2.374679e+00
470,3.921995,9.273875e-01,2.363723e+02,1.442953e-05,2.172986e+00,2.978363e-01,-2.424066e+00
471,3.930340,9.171891e-01,2.389610e+02,9.965451e-06,1.853351e+00,2.793941e-01,-2.555571e+00
472,3.938685,9.030590e-01,2.424762e+02,3.058317e-06,1.271883e+00,2.530088e-01,-2.757258e+00
473,3.947029,8.780683e-01,2.456001e+02,1.913158e-06,1.146414e+00,2.208338e-01,-3.037520e+00
474,3.955374,8.449864e-01,2.474062e+02,5.473108e-06,1.424639e+00,1.796413e-01,-3.482572e+00
475,3.963719,8.059371e-01,2.478652e+02,7.145309e-06,1.726875e+00,1.283384e-01,-4.256752e+00
476,3.972063,7.816924e-01,2.478652e+02,6.255357e-06,1.389730e+00,7.958894e-02,-5.302752e+00
477,3.980408,7.881669e-01,2.478652e+02,3.006287e-06,1.153720e+00,4.744058e-02,-6.203467e+00
478,3.988753,7.813065e-01,2.474062e+02,2.202262e-06,1.063842e+00,3.215717e-02,-6.910238e+00
479,3.997098,6.878853e-01,2.464882e+02,2.194298e-06,1.005615e+00,2.485201e-02,-7.472439e+00
480,4.005442,5.514928e-01,1.638664e+02,1.000935e-06,5.979292e-01,1.858626e-02,-8.016316e+00
481,4.013787,4.795872e-01,8.170370e+01,5.650820e-09,2.052633e-01,1.733612e-02,-8.128072e+00
482,4.022132,4.034354e-01,0,6.602294e-09,2.201962e-01,1.905004e-02,-7.947728e+00
483,4.030476,4.620086e-01,0,4.832749e-09,2.013923e-01,2.133782e-02,-7.695241e+00
484,4.038821,5.138540e-01,8.195561e+01,4.086048e-09,1.914115e-01,2.511135e-02,-7.402691e+00
485,4.047166,5.699951e-01,1.620830e+02,4.638220e-08,3.045749e-01,5.757110e-02,-6.267553e+00
486,4.055510,5.426951e-01,1.620830e+02,6.667612e-08,3.885738e-01,1.014005e-01,-4.966485e+00
487,4.063855,5.235333e-01,8.012738e+01,1.885998e-07,5.753468e-01,1.421295e-01,-3.916053e+00
488,4.072200,6.137204e-01,6.339081e+01,4.233983e-07,7.097165e-01,1.542264e-01,-3.738699e+00
489,4.080544,6.583166e-01,1.262444e+02,4.020766e-07,6.009501e-01,1.551388e-01,-3.726897e+00
490,4.088889,6.318380e-01,1.880415e+02,6.337168e-06,1.149397e+00,1.552504e-01,-3.725450e+00
491,4.097234,6.078141e-01,1.246507e+02,6.879490e-06,1.270315e+00,1.379403e-01,-3.996678e+00
492,4.105578,6.403515e-01,1.283132e+02,8.217880e-06,1.738334e+00,9.802624e-02,-4.969547e+00
493,4.113923,7.166173e-01,1.323110e+02,2.744815e-06,1.337313e+00,5.614073e-02,-6.090448e+00
494,4.122268,7.701497e-01,1.970993e+02,1.925982e-06,9.752011e-01,2.796160e-02,-7.223766e+00
495,4.130612,8.099669e-01,1.950862e+02,8.598498e-07,7.831392e-01,1.929707e-02,-8.065320e+00
496,4.138957,8.587524e-01,1.937942e+02,2.752434e-07,4.349447e-01,1.094396e-02,-9.436108e+00
497,4.147302,7.170727e-01,1.933316e+02,2.732870e-07,4.019091e-01,1.128942e-02,-9.400510e+00
498,4.155646,4.921561e-01,1.288287e+02,1.162644e-09,1.314055e-01,1.836339e-02,-8.653043e+00
499,4.163991,2.412885e-01,6.432575e+01,1.264144e-09,1.342283e-01,3.163644e-02,-7.005911e+00
500,4.172336,1.806621e-01,0,1.407079e-09,1.390273e-01,4.174379e-02,-6.389409e+00
501,4.180680,1.811010e-01,0,1.699534e-09,1.473026e-01,4.970099e-02,-6.013185e+00
502,4.189025,1.932005e-01,0,1.616552e-09,1.450248e-01,5.475751e-02,-5.813728e+00
503,4.197370,1.997266e-01,0,4.414583e-07,4.608816e-01,5.683450e-02,-5.735805e+00
504,4.205714,2.152619e-01,0,9.835252e-07,7.951568e-01,5.551797e-02,-5.785156e+00
505,4.214059,2.164538e-01,0,1.048917e-06,9.531311e-01,5.028440e-02,-5.992805e+00
506,4.222404,2.147385e-01,0,9.143428e-07,9.155714e-01,5.728969e-02,-5.781930e+00
507,4.230748,3.446153e-01,0,7.272452e-07,8.696184e-01,8.870269e-02,-5.087629e+00
508,4.239093,5.157226e-01,7.427610e+01,8.652266e-07,9.522908e-01,1.373411e-01,-4.100471e+00
509,4.247438,7.232674e-01,1.474599e+02,5.943008e-07,7.967390e-01,1.854031e-01,-3.399823e+00
510,4.255782,8.150112e-01,2.192015e+02,2.574259e-07,5.974585e-01,2.179438e-01,-3.057826e+00
511,4.264127,8.839641e-01,2.163169e+02,5.632604e-08,3.889511e-01,2.432436e-01,-2.832636e+00
512,4.272472,9.224115e-01,2.145247e+02,4.216311e-06,9.322717e-01,2.621621e-01,-2.680672e+00
513,4.280816,9.304407e-01,2.141748e+02,9.692489e-06,1.564368e+00,2.707354e-01,-2.613670e+00
514,4.289161,9.267072e-01,2.141748e+02,1.004641e-05,1.825432e+00,2.697850e-01,-2.620888e+00
515,4.297506,9.247114e-01,2.141748e+02,1.493569e-05,2.011322e+00,2.601281e-01,-2.694131e+00
516,4.305850,9.265117e-01,2.138315e+02,4.935765e-05,2.639390e+00,2.572564e-01,-2.715832e+00
517,4.314195,9.304826e-01,2.134883e+02,4.916960e-05,2.570920e+00,2.614290e-01,-2.684710e+00
518,4.322540,9.317359e-01,2.134883e+02,4.170113e-05,2.207658e+00,2.715026e-01,-2.608480e+00
519,4.330884,9.289245e-01,2.138315e+02,2.015870e-06,1.105755e+00,2.787730e-01,-2.554849e+00
520,4.339229,9.235217e-01,2.141748e+02,3.335659e-06,1.356247e+00,2.824870e-01,-2.528318e+00
521,4.347574,9.205968e-01,2.141748e+02,6.516474e-06,1.562853e+00,2.880574e-01,-2.489631e+00
522,4.355918,9.239586e-01,2.138315e+02,9.970689e-06,1.949452e+00,2.923388e-01,-2.459956e+00
523,4.364263,9.290815e-01,2.128084e+02,8.496443e-06,1.556514e+00,2.900737e-01,-2.476010e+00
524,4.372608,9.304960e-01,2.111182e+02,1.285044e-05,1.715133e+00,2.853789e-01,-2.508466e+00
525,4.380952,9.264004e-01,2.094409e+02,5.983428e-05,2.534346e+00,2.811688e-01,-2.537636e+00
526,4.389297,9.144490e-01,2.081194e+02,5.990808e-05,2.628603e+00,2.785039e-01,-2.557033e+00
527,4.397642,8.817088e-01,2.068226e+02,5.117990e-05,2.086013e+00,2.722342e-01,-2.602997e+00
528,4.405986,8.482583e-01,2.052256e+02,8.818847e-06,1.456079e+00,2.609416e-01,-2.688194e+00
529,4.414331,8.440549e-01,2.033338e+02,2.070694e-05,2.208698e+00,2.530926e-01,-2.748840e+00
530,4.422676,8.663061e-01,2.017777e+02,2.088240e-05,2.248019e+00,2.437977e-01,-2.823405e+00
531,4.431020,8.950813e-01,1.991233e+02,1.300089e-05,1.732364e+00,2.379643e-01,-2.872086e+00
532,4.439365,9.025819e-01,1.948217e+02,1.446142e-06,1.113827e+00,2.369279e-01,-2.880523e+00
533,4.447710,9.013388e-01,1.897703e+02,1.194329e-06,1.053723e+00,2.391496e-01,-2.861926e+00
534,4.456054,8.950712e-01,1.859285e+02,1.478213e-05,1.717923e+00,2.456041e-01,-2.808266e+00
535,4.464399,8.853348e-01,1.838503e+02,1.440407e-05,1.540964e+00,2.482480e-01,-2.786952e+00
536,4.472744,8.710789e-01,1.820815e+02,1.887114e-05,1.946485e+00,2.487695e-01,-2.782661e+00
537,4.481088,8.485196e-01,1.798752e+02,9.214470e-06,1.644001e+00,2.469482e-01,-2.797371e+00
538,4.489433,8.303537e-01,1.765616e+02,1.560783e-05,2.273600e+00,2.389917e-01,-2.863691e+00
539,4.497778,8.144528e-01,1.726690e+02,1.289388e-05,2.109948e+00,2.300681e-01,-2.941216e+00
540,4.506122,7.856836e-01,1.688889e+02,1.654649e-05,2.254363e+00,2.125872e-01,-3.101856e+00
541,4.514467,7.254284e-01,1.658991e+02,1.101364e-05,1.893731e+00,1.926319e-01,-3.304699e+00
542,4.522812,6.180963e-01,1.625087e+02,1.326742e-05,2.035329e+00,1.684148e-01,-3.576344e+00
543,4.531156,5.302255e-01,1.072174e+02,5.406455e-06,1.432408e+00,1.376742e-01,-4.011197e+00
544,4.539501,4.756933e-01,5.274527e+01,6.900410e-06,1.585299e+00,1.065113e-01,-4.551529e+00
545,4.547846,5.165671e-01,0,1.375894e-05,1.821781e+00,7.155027e-02,-5.415018e+00
546,4.556190,6.446626e-01,6.450293e+01,1.369431e-05,1.780951e+00,4.047336e-02,-7.187643e+00
547,4.564535,7.865347e-01,1.256236e+02,1.129895e-05,1.253916e+00,1.684562e-02,-9.146108e+00
548,4.572880,8.524782e-01,1.884679e+02,9.225918e-08,3.892154e-01,4.781662e-03,-1.079005e+01
549,4.581224,7.029171e-01,1.965103e+02,8.605011e-09,2.353846e-01,3.540367e-03,-1.129409e+01
550,4.589569,4.456272e-01,1.353896e+02,7.324854e-09,2.195811e-01,4.025228e-03,-1.108579e+01
551,4.597914,2.344002e-01,7.254536e+01,2.749819e-09,1.490806e-01,5.579177e-03,-1.050554e+01
552,4.606259,1.779601e-01,0,1.118705e-09,9.276723e-02,8.446951e-03,-9.649677e+00
553,4.614603,2.328179e-01,0,5.386278e-10,8.041128e-02,1.263462e-02,-8.850181e+00
554,4.622948,2.534619e-01,0,9.352813e-10,1.040407e-01,1.684922e-02,-8.219265e+00
555,4.631293,2.609391e-01,0,1.044583e-09,1.231068e-01,2.069551e-02,-7.767340e+00
556,4.639637,2.518027e-01,0,1.523147e-08,2.064414e-01,2.298511e-02,-7.551677e+00
557,4.647982,2.674356e-01,0,6.711875e-08,3.522710e-01,2.606508e-02,-7.305287e+00
558,4.656327,2.717328e-01,0,1.136658e-07,5.066940e-01,2.984247e-02,-7.042354e+00
559,4.664671,3.144361e-01,0,1.402388e-07,5.541569e-01,3.402937e-02,-6.769644e+00
560,4.673016,3.936470e-01,0,1.745721e-07,5.854108e-01,3.789375e-02,-6.551226e+00
561,4.681361,5.007580e-01,0,3.890157e-07,7.103958e-01,4.120544e-02,-6.383673e+00
562,4.689705,6.022695e-01,8.541206e+01,5.264839e-07,8.087804e-01,4.594160e-02,-6.169061e+00
563,4.698050,6.640708e-01,1.736240e+02,5.517099e-07,8.265068e-01,6.796242e-02,-5.534121e+00
564,4.706395,7.050682e-01,2.548258e+02,5.530867e-07,8.269958e-01,1.062283e-01,-4.686141e+00
565,4.714739,7.332149e-01,2.391527e+02,8.457762e-07,9.203703e-01,1.594924e-01,-3.746223e+00
566,4.723084,7.854493e-01,2.184082e+02,1.190568e-06,1.046482e+00,2.047199e-01,-3.202217e+00
567,4.731429,8.446839e-01,2.037538e+02,1.009083e-06,9.542584e-01,2.405066e-01,-2.859101e+00
568,4.739773,8.850471e-01,2.002611e+02,7.748865e-07,8.853946e-01,2.674601e-01,-2.643184e+00
569,4.748118,8.921846e-01,1.990399e+02,3.283396e-06,1.161186e+00,2.845671e-01,-2.515561e+00
570,4.756463,8.811846e-01,1.993465e+02,8.194224e-06,1.693882e+00,2.882716e-01,-2.488360e+00
571,4.764807,8.744070e-01,2.015167e+02,1.838875e-05,2.329418e+00,2.722154e-01,-2.608421e+00
572,4.773152,8.797586e-01,2.049718e+02,2.415785e-05,2.575216e+00,2.462064e-01,-2.813578e+00
573,4.781497,8.918892e-01,2.088295e+02,1.950656e-05,2.159948e+00,2.164311e-01,-3.072004e+00
574,4.789841,8.956868e-01,2.121546e+02,9.495173e-06,1.580773e+00,1.840316e-01,-3.410538e+00
575,4.798186,8.936769e-01,2.141948e+02,2.251696e-06,1.215280e+00,1.476256e-01,-3.878509e+00
576,4.806531,8.832126e-01,2.148747e+02,1.948489e-06,1.052636e+00,1.126584e-01,-4.419889e+00
577,4.814875,8.736661e-01,2.152316e+02,3.802029e-06,1.288268e+00,9.159187e-02,-4.794870e+00
578,4.823220,8.713257e-01,2.185944e+02,2.369209e-06,9.630656e-01,9.322122e-02,-4.765177e+00
579,4.831565,8.685231e-01,2.258683e+02,2.566398e-06,1.090195e+00,1.168647e-01,-4.356157e+00
580,4.839909,8.657827e-01,2.305004e+02,7.294535e-07,8.587375e-01,1.511005e-01,-3.822393e+00
581,4.848254,8.662121e-01,2.285653e+02,9.980063e-07,9.927734e-01,1.839823e-01,-3.401851e+00
582,4.856599,8.704488e-01,2.223481e+02,7.729406e-07,8.072765e-01,2.131191e-01,-3.103215e+00
583,4.864943,8.688769e-01,2.173593e+02,6.673369e-07,7.784824e-01,2.362910e-01,-2.891928e+00
584,4.873288,8.595855e-01,2.149016e+02,1.381583e-06,9.162576e-01,2.519878e-01,-2.757542e+00
585,4.881633,8.524601e-01,2.112000e+02,1.322759e-05,1.774966e+00,2.542968e-01,-2.738733e+00
586,4.889977,8.434008e-01,2.060167e+02,2.430170e-05,2.404170e+00,2.494594e-01,-2.777651e+00
587,4.898322,8.385271e-01,2.001034e+02,2.650573e-05,2.594855e+00,2.416979e-01,-2.840722e+00
588,4.906667,8.497219e-01,1.947522e+02,1.638644e-05,2.168562e+00,2.290408e-01,-2.951020e+00
589,4.915011,8.532519e-01,1.910429e+02,2.416813e-05,2.331013e+00,2.140842e-01,-3.088101e+00
590,4.923356,7.953321e-01,1.885654e+02,2.462565e-05,2.357644e+00,1.964538e-01,-3.258370e+00
591,4.931701,7.152656e-01,1.864519e+02,3.703854e-05,2.836966e+00,1.810494e-01,-3.423134e+00
592,4.940045,6.595676e-01,1.855607e+02,1.804872e-05,1.997392e+00,1.636306e-01,-3.629180e+00
593,4.948390,6.981435e-01,1.845638e+02,2.029563e-05,2.102346e+00,1.433568e-01,-3.900770e+00
594,4.956735,7.736240e-01,1.822135e+02,8.091123e-06,1.641940e+00,1.231765e-01,-4.205929e+00
595,4.965079,8.358698e-01,1.786156e+02,8.536802e-06,1.763077e+00,1.045585e-01,-4.532285e+00
596,4.973424,8.527278e-01,1.756514e+02,3.943805e-06,1.479582e+00,8.716851e-02,-4.908615e+00
597,4.981769,8.299162e-01,1.750794e+02,2.193309e-06,1.197182e+00,6.936491e-02,-5.387084e+00
598,4.990113,7.357247e-01,1.744008e+02,3.407834e-06,1.349305e+00,5.280070e-02,-5.937273e+00
599,4.998458,5.620530e-01,1.754386e+02,2.290645e-06,1.143169e+00,4.107691e-02,-6.414740e+00
600,5.006803,3.832523e-01,1.170788e+02,2.124663e-06,1.018453e+00,3.559108e-02,-6.675241e+00
601,5.015147,2.807038e-01,5.939766e+01,2.725006e-07,5.569673e-01,3.432401e-02,-6.744080e+00
602,5.023492,2.524490e-01,0,7.019645e-08,4.273012e-01,3.568058e-02,-6.667868e+00
603,5.031837,2.812880e-01,0,1.469811e-07,5.042341e-01,3.756719e-02,-6.566387e+00
604,5.040181,3.912047e-01,0,1.634294e-06,9.302836e-01,3.710784e-02,-6.593210e+00
605,5.048526,5.261643e-01,5.885378e+01,1.621339e-06,9.092519e-01,3.776847e-02,-6.559030e+00
606,5.056871,5.860121e-01,1.219740e+02,1.573297e-06,8.696885e-01,5.638102e-02,-5.977319e+00
607,5.065215,6.076148e-01,1.219740e+02,1.350072e-07,5.405416e-01,8.769050e-02,-5.087623e+00
608,5.073560,6.622880e-01,1.359255e+02,3.138365e-07,6.766401e-01,1.278141e-01,-4.157550e+00
609,5.081905,7.692723e-01,1.438934e+02,6.745267e-07,8.372175e-01,1.594630e-01,-3.698846e+00
610,5.090249,8.412195e-01,2.132645e+02,6.206238e-07,6.907647e-01,1.878577e-01,-3.357708e+00
611,5.098594,8.793690e-01,2.108406e+02,1.695903e-06,9.025154e-01,2.120515e-01,-3.108365e+00
612,5.106939,8.928844e-01,2.111440e+02,5.511583e-06,1.260409e+00,2.258537e-01,-2.977473e+00
613,5.115283,8.609787e-01,2.131645e+02,1.122099e-05,1.995000e+00,2.349803e-01,-2.896739e+00
614,5.123628,8.052218e-01,2.141748e+02,1.120276e-05,1.992855e+00,2.390088e-01,-2.862971e+00
615,5.131973,7.822256e-01,2.141748e+02,7.392037e-06,1.636225e+00,2.435917e-01,-2.824634e+00
616,5.140317,8.134782e-01,2.138315e+02,1.798859e-06,1.097898e+00,2.462725e-01,-2.802666e+00
617,5.148662,8.687589e-01,2.124780e+02,4.243281e-06,1.287666e+00,2.480931e-01,-2.787949e+00
618,5.157007,8.780088e-01,2.091962e+02,2.212977e-05,2.038475e+00,2.475670e-01,-2.792239e+00
619,5.165351,8.316749e-01,2.049964e+02,2.249445e-05,2.167358e+00,2.419594e-01,-2.839049e+00
620,5.173696,7.642884e-01,2.006340e+02,2.206643e-05,2.142530e+00,2.311919e-01,-2.931224e+00
621,5.182041,7.306899e-01,1.956720e+02,3.290087e-05,2.308439e+00,2.152019e-01,-3.076861e+00
622,5.190385,7.494733e-01,1.888998e+02,3.269461e-05,2.250933e+00,1.968415e-01,-3.258207e+00
623,5.198730,7.820970e-01,1.794383e+02,3.173255e-05,2.185402e+00,1.739552e-01,-3.510589e+00
624,5.207075,7.994955e-01,1.697756e+02,2.930666e-06,1.246559e+00,1.551784e-01,-3.735829e+00
625,5.215420,7.872136e-01,1.615065e+02,1.419522e-05,1.897200e+00,1.384669e-01,-3.959045e+00
626,5.223764,7.680090e-01,1.558313e+02,1.201369e-05,1.553830e+00,1.236454e-01,-4.194956e+00
627,5.232109,7.362928e-01,1.525401e+02,1.169593e-05,1.368988e+00,1.070727e-01,-4.487049e+00
628,5.240454,7.291958e-01,1.507556e+02,1.876729e-07,5.677924e-01,9.287640e-02,-4.761880e+00
629,5.248798,7.582250e-01,1.502393e+02,4.613714e-06,1.045624e+00,8.258568e-02,-4.994712e+00
630,5.257143,8.156981e-01,1.502393e+02,4.801119e-06,1.185370e+00,7.256887e-02,-5.264009e+00
631,5.265488,8.623211e-01,1.504107e+02,4.811361e-06,1.199867e+00,6.353500e-02,-5.525713e+00
632,5.273832,8.752978e-01,1.502417e+02,3.946392e-07,7.272413e-01,5.636883e-02,-5.755058e+00
633,5.282177,8.730500e-01,1.497324e+02,1.048862e-06,8.803616e-01,5.280441e-02,-5.885015e+00
634,5.290522,8.755880e-01,1.492231e+02,1.139852e-06,9.545678e-01,4.875733e-02,-6.046715e+00
635,5.298866,8.804607e-01,1.492231e+02,1.146908e-06,9.583530e-01,4.494083e-02,-6.211226e+00
636,5.307211,8.779073e-01,1.495611e+02,3.617814e-07,7.320153e-01,4.067526e-02,-6.409776e+00
637,5.315556,8.642940e-01,1.498990e+02,3.107105e-07,6.977054e-01,3.732136e-02,-6.581841e+00
638,5.323900,8.493661e-01,1.495678e+02,1.873289e-07,5.901114e-01,3.361115e-02,-6.793554e+00
639,5.332245,8.421783e-01,1.499483e+02,2.148467e-07,6.102191e-01,2.986712e-02,-7.035645e+00
640,5.340590,8.441654e-01,1.520795e+02,2.348376e-07,6.250697e-01,2.535155e-02,-7.372273e+00
641,5.348934,8.498535e-01,1.554615e+02,2.883057e-07,6.873180e-01,2.113551e-02,-7.740900e+00
642,5.357279,8.632182e-01,1.583434e+02,1.855416e-07,5.443972e-01,1.695765e-02,-8.187922e+00
643,5.365624,8.678011e-01,1.604761e+02,1.325602e-07,4.980865e-01,1.330853e-02,-8.692469e+00
644,5.373968,8.623155e-01,1.626536e+02,5.386735e-08,3.207241e-01,9.851988e-03,-9.312297e+00
645,5.382313,8.016222e-01,1.642442e+02,5.097915e-08,2.992454e-01,7.255137e-03,-9.912868e+00
646,5.390658,5.978216e-01,1.696468e+02,1.683270e-08,2.421808e-01,5.381614e-03,-1.049268e+01
647,5.399002,4.247923e-01,1.145649e+02,1.672202e-08,2.362451e-01,4.144977e-03,-1.102318e+01
648,5.407347,2.387019e-01,5.968928e+01,1.619717e-08,2.302795e-01,3.336125e-03,-1.142818e+01
649,5.415692,1.545834e-01,0,1.752043e-09,1.002830e-01,2.913707e-03,-1.167802e+01
650,5.424036,4.746636e-02,0,1.601094e-09,6.719550e-02,2.890461e-03,-1.169344e+01
651,5.432381,5.341754e-04,0,2.110200e-09,7.299821e-02,2.850891e-03,-1.172127e+01
652,5.440726,7.720615e-04,0,3.147897e-09,1.319961e-01,2.755661e-03,-1.179336e+01
653,5.449070,9.436104e-04,0,3.433727e-09,1.720687e-01,2.554010e-03,-1.194458e+01
654,5.457415,6.083373e-04,0,2.022350e-09,1.514698e-01,2.339143e-03,-1.212013e+01
655,5.465760,5.275287e-04,0,1.896149e-09,1.492187e-01,2.048039e-03,-1.240639e+01
656,5.474104,3.932742e-04,0,2.086287e-09,1.558430e-01,1.669791e-03,-1.283928e+01
657,5.482449,1.945408e-04,0,1.762145e-09,1.469062e-01,1.262008e-03,-1.340455e+01
658,5.490794,2.974441e-01,0,1.031146e-09,1.250698e-01,9.013110e-04,-1.413272e+01
659,5.499138,5.770250e-01,5.715578e+01,6.012925e-10,1.015558e-01,5.648628e-04,-1.525128e+01
660,5.507483,8.311985e-01,1.186629e+02,2.429711e-10,7.508154e-02,2.927522e-04,-1.672690e+01
661,5.515828,7.208242e-01,1.887319e+02,6.418577e-11,4.880073e-02,1.362890e-04,-1.803438e+01
662,5.524172,6.518879e-01,2.099643e+02,1.815393e-11,2.910492e-02,1.095371e-04,-1.831768e+01
663,5.532517,6.313550e-01,2.344889e+02,1.794511e-12,1.211679e-02,1.580382e-04,-1.771971e+01
664,5.540862,6.933554e-01,2.571680e+02,8.346644e-14,3.487134e-03,2.291391e-04,-1.683401e+01
665,5.549206,7.185724e-01,2.961156e+02,0,0,2.847038e-04,-1.633943e+01
666,5.557551,6.644201e-01,3.488260e+02,0,0,3.223929e-04,-1.608706e+01
667,5.565896,5.192103e-01,2.560779e+02,2.545748e-12,9.722092e-03,3.626478e-04,-1.585507e+01
668,5.574240,3.806554e-01,1.387421e+02,2.675089e-11,2.882887e-02,3.970953e-04,-1.566760e+01
669,5.582585,3.826558e-01,0,2.946361e-11,3.873803e-02,4.160828e-04,-1.556936e+01
670,5.590930,4.987146e-01,0,2.746038e-11,3.513014e-02,5.190848e-04,-1.519553e+01
671,5.599274,6.533396e-01,1.336970e+02,4.298625e-12,2.346294e-02,8.793633e-04,-1.434834e+01
672,5.607619,5.912742e-01,2.686319e+02,9.306659e-12,2.711545e-02,1.403873e-03,-1.330468e+01
673,5.615964,4.291421e-01,2.686319e+02,8.764137e-12,2.100124e-02,1.877878e-03,-1.257780e+01
674,5.624308,1.999317e-01,1.349349e+02,9.807419e-12,2.272072e-02,2.102985e-03,-1.233033e+01
675,5.632653,1.259236e-01,0,1.194824e-10,3.984297e-02,2.498302e-03,-1.201859e+01
676,5.640998,2.834364e-01,0,1.315851e-10,5.536256e-02,6.000808e-03,-1.083465e+01
677,5.649342,4.288444e-01,0,1.497097e-09,1.102953e-01,4.433957e-02,-8.177631e+00
678,5.657687,5.309236e-01,0,1.900616e-09,1.275897e-01,9.958627e-02,-5.528282e+00
679,5.666032,4.518216e-01,0,1.896943e-09,1.259941e-01,1.656614e-01,-3.652515e+00
680,5.674376,4.838883e-01,0,5.377742e-10,7.582631e-02,2.073395e-01,-3.168482e+00
681,5.682721,5.816929e-01,1.123415e+02,7.263292e-10,8.048549e-02,2.410009e-01,-2.856047e+00
682,5.691066,7.266577e-01,2.028736e+02,8.172675e-08,2.846209e-01,2.690920e-01,-2.631905e+00
683,5.699410,8.287588e-01,2.722509e+02,4.648658e-06,1.001672e+00,2.863560e-01,-2.502727e+00
684,5.707755,8.855958e-01,2.306210e+02,4.439264e-05,2.347974e+00,2.940831e-01,-2.447794e+00
685,5.716100,9.100368e-01,2.114805e+02,4.503713e-05,2.550841e+00,2.931625e-01,-2.454062e+00
686,5.724444,9.170241e-01,2.145657e+02,4.613176e-05,2.599509e+00,2.913238e-01,-2.466688e+00
687,5.732789,9.191944e-01,2.177587e+02,6.455151e-06,1.407546e+00,2.888871e-01,-2.483527e+00
688,5.741134,9.116642e-01,2.210222e+02,2.218880e-05,2.060455e+00,2.818463e-01,-2.533516e+00
689,5.749478,8.951905e-01,2.239805e+02,3.903066e-05,2.460288e+00,2.683710e-01,-2.634159e+00
690,5.757823,8.572417e-01,2.266814e+02,3.899312e-05,2.416047e+00,2.460201e-01,-2.812430e+00
691,5.766168,7.711961e-01,2.294298e+02,2.277323e-05,1.643981e+00,2.160040e-01,-3.081367e+00
692,5.774512,6.604872e-01,2.314125e+02,3.398204e-06,1.117051e+00,1.814190e-01,-3.442492e+00
693,5.782857,5.806227e-01,1.548070e+02,4.727364e-06,1.462532e+00,1.388837e-01,-4.026287e+00
694,5.791202,5.760430e-01,1.548070e+02,7.195975e-06,1.785653e+00,9.286183e-02,-4.982958e+00
695,5.799546,6.359718e-01,1.548070e+02,4.248943e-06,1.410813e+00,5.638028e-02,-5.929744e+00
696,5.807891,7.020031e-01,2.322105e+02,2.926779e-06,1.075719e+00,3.961348e-02,-6.465158e+00
697,5.816236,7.712750e-01,2.321340e+02,2.250789e-07,5.515369e-01,4.275152e-02,-6.333590e+00
698,5.824580,8.174689e-01,2.356219e+02,4.372366e-08,2.914761e-01,5.196353e-02,-5.944574e+00
699,5.832925,8.601634e-01,2.460275e+02,6.337928e-09,1.514633e-01,6.210542e-02,-5.573208e+00
700,5.841270,8.821413e-01,2.627354e+02,4.611495e-10,9.105716e-02,7.123773e-02,-5.293537e+00
701,5.849615,8.811045e-01,2.814823e+02,6.520982e-07,4.809977e-01,9.916812e-02,-4.726673e+00
702,5.857959,8.554916e-01,2.966035e+02,1.694512e-06,9.171834e-01,1.482284e-01,-3.979744e+00
703,5.866304,8.371932e-01,3.068764e+02,2.336346e-06,1.282672e+00,2.163116e-01,-3.134292e+00
704,5.874649,8.523999e-01,3.115460e+02,2.521595e-06,1.314442e+00,2.788239e-01,-2.584312e+00
705,5.882993,8.973702e-01,3.069398e+02,2.503738e-06,1.312016e+00,3.324585e-01,-2.216330e+00
706,5.891338,9.357255e-01,2.945630e+02,1.903842e-06,1.085576e+00,3.770866e-01,-1.959001e+00
707,5.899683,9.523136e-01,2.804835e+02,5.132415e-05,2.147198e+00,4.100579e-01,-1.785998e+00
708,5.908027,9.568848e-01,2.712940e+02,5.100051e-05,2.096952e+00,4.287049e-01,-1.694287e+00
709,5.916372,9.581067e-01,2.674300e+02,8.185054e-05,3.214691e+00,4.328172e-01,-1.674900e+00
710,5.924717,9.592345e-01,2.642263e+02,3.306855e-05,2.234514e+00,4.311391e-01,-1.682701e+00
711,5.933061,9.599249e-01,2.616016e+02,7.227142e-05,3.218510e+00,4.282129e-01,-1.696284e+00
712,5.941406,9.601992e-01,2.600443e+02,4.756660e-05,2.722117e+00,4.280969e-01,-1.696824e+00
713,5.949751,9.593744e-01,2.595294e+02,5.223675e-05,3.000376e+00,4.318144e-01,-1.679664e+00
714,5.958095,9.586043e-01,2.595294e+02,4.394419e-05,2.905833e+00,4.412265e-01,-1.636925e+00
715,5.966440,9.565642e-01,2.600443e+02,5.881594e-05,3.261375e+00,4.522129e-01,-1.587699e+00
716,5.974785,9.549597e-01,2.616016e+02,5.415514e-05,2.984105e+00,4.640844e-01,-1.535682e+00
717,5.983129,9.530142e-01,2.647799e+02,5.481552e-05,2.992231e+00,4.721878e-01,-1.500961e+00
718,5.991474,9.518002e-01,2.696862e+02,3.451175e-05,2.262051e+00,4.773305e-01,-1.479110e+00
719,5.999819,9.487678e-01,2.759082e+02,6.561077e-05,3.058258e+00,4.801657e-01,-1.467265e+00
720,6.008163,9.452898e-01,2.829912e+02,3.474835e-05,2.257771e+00,4.785216e-01,-1.474165e+00
721,6.016508,9.448752e-01,2.911472e+02,4.360739e-05,2.745599e+00,4.704053e-01,-1.508985e+00
722,6.024853,9.487345e-01,3.012080e+02,4.969396e-05,2.815084e+00,4.507247e-01,-1.595907e+00
723,6.033197,9.558699e-01,3.125975e+02,6.734963e-05,3.423612e+00,4.198761e-01,-1.740685e+00
724,6.041542,9.590140e-01,3.230932e+02,5.805579e-05,2.839191e+00,3.806529e-01,-1.940624e+00
725,6.049887,9.579149e-01,3.318983e+02,6.255061e-05,2.885726e+00,3.292585e-01,-2.241993e+00
726,6.058231,9.545735e-01,3.414588e+02,5.626114e-05,2.758727e+00,2.672471e-01,-2.687722e+00
727,6.066576,9.431379e-01,3.524272e+02,5.614910e-05,2.718859e+00,2.009835e-01,-3.283494e+00
728,6.074921,9.136455e-01,3.608232e+02,1.400247e-05,1.750840e+00,1.354916e-01,-4.152218e+00
729,6.083265,8.648005e-01,3.636484e+02,2.109115e-06,1.201954e+00,8.571306e-02,-5.114246e+00
730,6.091610,8.352994e-01,3.636484e+02,2.513341e-06,1.312496e+00,4.833398e-02,-6.237685e+00
731,6.099955,8.370647e-01,3.702237e+02,1.503407e-06,9.570666e-01,2.918790e-02,-7.258307e+00
732,6.108299,8.358111e-01,3.931230e+02,6.529182e-07,6.752589e-01,1.951356e-02,-7.918325e+00
733,6.116644,7.700602e-01,4.247664e+02,7.263245e-08,4.409474e-01,1.643584e-02,-8.217661e+00
734,6.124989,6.107373e-01,4.514644e+02,8.678031e-08,4.789960e-01,5.017018e-02,-6.884909e+00
735,6.133333,4.938795e-01,3.080186e+02,6.567767e-08,4.328773e-01,1.014923e-01,-5.351698e+00
736,6.141678,4.646451e-01,1.548242e+02,4.107629e-08,3.755926e-01,1.677826e-01,-3.631195e+00
737,6.150023,5.691461e-01,1.440171e+02,6.735707e-08,4.143336e-01,2.105820e-01,-3.137565e+00
738,6.158367,7.003865e-01,2.842065e+02,1.147438e-07,4.931398e-01,2.484592e-01,-2.798074e+00
739,6.166712,8.141776e-01,4.168658e+02,2.478646e-07,6.421196e-01,2.783966e-01,-2.565517e+00
740,6.175057,8.802879e-01,3.984737e+02,6.199900e-06,1.248137e+00,2.998450e-01,-2.410309e+00
741,6.183401,8.996680e-01,3.775785e+02,1.449678e-05,1.927088e+00,3.079695e-01,-2.355557e+00
742,6.191746,9.068139e-01,3.585421e+02,5.035892e-05,3.027619e+00,3.054428e-01,-2.372336e+00
743,6.200091,9.117358e-01,3.203635e+02,4.470386e-05,2.571275e+00,3.013594e-01,-2.399233e+00
744,6.208435,9.180701e-01,2.652918e+02,3.714675e-05,2.128175e+00,2.911750e-01,-2.468612e+00
745,6.216780,9.217775e-01,2.161718e+02,5.546335e-06,1.493110e+00,2.822696e-01,-2.531364e+00
746,6.225125,9.222991e-01,1.935137e+02,5.715310e-06,1.535835e+00,2.677903e-01,-2.636567e+00
747,6.233469,9.194302e-01,1.946555e+02,5.184814e-06,1.414703e+00,2.527211e-01,-2.754615e+00
748,6.241814,8.944283e-01,1.961031e+02,1.178937e-06,1.042961e+00,2.345402e-01,-2.904632e+00
749,6.250159,8.437817e-01,1.978621e+02,7.431386e-07,8.796277e-01,2.111222e-01,-3.120370e+00
750,6.258503,8.022966e-01,1.993464e+02,2.114956e-05,1.717522e+00,1.851970e-01,-3.390617e+00
751,6.266848,8.098225e-01,2.005510e+02,2.294514e-05,1.952809e+00,1.565398e-01,-3.728692e+00
752,6.275193,8.570631e-01,2.011588e+02,2.584865e-05,2.379649e+00,1.271562e-01,-4.163930e+00
753,6.283537,8.777089e-01,2.011588e+02,5.651209e-06,1.600790e+00,9.696406e-02,-4.745653e+00
754,6.291882,8.391254e-01,2.008521e+02,3.473709e-06,1.145635e+00,6.881148e-02,-5.443360e+00
755,6.300227,6.539666e-01,2.038879e+02,9.277641e-07,8.638056e-01,5.011280e-02,-6.031457e+00
756,6.308571,4.589504e-01,1.370394e+02,1.252431e-06,9.264159e-01,3.942977e-02,-6.484184e+00
757,6.316916,3.354464e-01,7.019091e+01,1.260258e-06,9.440896e-01,4.059577e-02,-6.435020e+00
758,6.325261,3.548612e-01,0,8.282834e-07,6.748206e-01,7.257593e-02,-5.614888e+00
759,6.333605,3.810017e-01,0,3.459368e-08,3.467634e-01,1.149239e-01,-4.561772e+00
760,6.341950,4.080691e-01,0,3.284231e-07,5.259371e-01,1.539538e-01,-3.749921e+00
761,6.350295,4.558122e-01,0,4.106122e-07,6.563792e-01,1.653578e-01,-3.599886e+00
762,6.358639,5.297332e-01,6.746178e+01,5.318192e-07,8.012190e-01,1.697091e-01,-3.547604e+00
763,6.366984,6.093771e-01,1.323508e+02,4.508544e-07,7.733893e-01,1.718696e-01,-3.522114e+00
764,6.375329,7.039435e-01,1.944054e+02,1.811230e-06,1.068591e+00,1.556316e-01,-3.747581e+00
765,6.383673,8.000824e-01,1.872533e+02,1.692869e-06,9.348256e-01,1.272114e-01,-4.199943e+00
766,6.392018,8.533286e-01,1.809575e+02,2.461515e-06,1.098487e+00,9.524173e-02,-4.739893e+00
767,6.400363,8.655186e-01,1.768068e+02,2.793759e-06,1.131609e+00,8.861887e-02,-4.859416e+00
768,6.408707,8.131885e-01,1.739450e+02,3.382530e-06,1.412371e+00,1.110833e-01,-4.479698e+00
769,6.417052,7.478122e-01,1.742123e+02,3.727828e-06,1.455391e+00,1.533487e-01,-3.830100e+00
770,6.425397,7.085020e-01,1.765817e+02,2.013239e-06,1.108402e+00,2.008278e-01,-3.244316e+00
771,6.433741,7.566009e-01,1.794070e+02,1.552713e-06,9.670360e-01,2.413114e-01,-2.858955e+00
772,6.442086,8.254242e-01,1.805747e+02,6.215471e-07,8.168204e-01,2.781999e-01,-2.569639e+00
773,6.450431,8.640277e-01,1.800846e+02,3.131064e-06,1.228359e+00,3.070965e-01,-2.366693e+00
774,6.458776,8.724194e-01,1.793535e+02,3.629848e-06,1.377177e+00,3.287777e-01,-2.225919e+00
775,6.467120,8.716561e-01,1.779260e+02,1.209280e-05,1.912712e+00,3.351413e-01,-2.186611e+00
776,6.475465,8.760943e-01,1.758169e+02,1.985129e-05,2.231089e+00,3.352134e-01,-2.186174e+00
777,6.483810,8.815966e-01,1.735000e+02,6.851256e-05,3.318587e+00,3.277236e-01,-2.231521e+00
778,6.492154,8.843188e-01,1.716827e+02,5.974668e-05,2.668732e+00,3.161880e-01,-2.304578e+00
779,6.500499,8.846669e-01,1.705727e+02,4.950882e-05,1.963582e+00,3.026224e-01,-2.392173e+00
780,6.508844,8.860306e-01,1.696957e+02,8.839700e-06,1.355974e+00,2.822816e-01,-2.533607e+00
781,6.517188,8.853185e-01,1.690446e+02,9.397457e-06,1.525023e+00,2.638834e-01,-2.669752e+00
782,6.525533,8.836434e-01,1.684002e+02,9.679237e-06,1.642119e+00,2.385536e-01,-2.872460e+00
783,6.533878,8.823106e-01,1.675497e+02,6.885539e-06,1.544152e+00,2.157671e-01,-3.077491e+00
784,6.542222,8.730248e-01,1.667056e+02,1.703877e-05,2.079582e+00,1.888202e-01,-3.346305e+00
785,6.550567,8.336396e-01,1.658678e+02,1.846635e-05,2.287014e+00,1.590775e-01,-3.706319e+00
786,6.558912,7.555008e-01,1.656615e+02,1.487757e-05,2.091116e+00,1.292842e-01,-4.130589e+00
787,6.567256,6.349149e-01,1.660803e+02,4.246214e-06,1.427959e+00,9.711480e-02,-4.729702e+00
788,6.575601,5.337834e-01,1.109984e+02,4.046906e-06,1.408869e+00,6.739119e-02,-5.567908e+00
789,6.583946,6.162607e-01,5.570707e+01,1.808309e-06,9.275318e-01,3.999444e-02,-6.704147e+00
790,6.592290,4.529108e-01,0,1.613295e-06,6.747224e-01,2.543135e-02,-7.421949e+00
791,6.600635,3.008812e-01,0,9.077612e-09,1.950919e-01,2.186153e-02,-7.661798e+00
792,6.608980,2.907897e-01,0,2.319865e-09,1.501201e-01,2.518960e-02,-7.371185e+00
793,6.617324,4.366048e-01,0,5.181647e-08,3.073004e-01,4.533595e-02,-6.503151e+00
794,6.625669,5.830687e-01,0,1.196841e-07,4.602946e-01,7.739040e-02,-5.445284e+00
795,6.634014,4.774053e-01,0,2.459001e-07,6.456591e-01,1.147518e-01,-4.376801e+00
796,6.642358,5.419627e-01,0,2.037185e-07,5.639421e-01,1.406319e-01,-3.936651e+00
797,6.650703,6.455260e-01,5.215130e+01,2.349212e-07,5.886233e-01,1.632235e-01,-3.639936e+00
798,6.659048,7.458541e-01,1.039379e+02,1.583934e-07,5.286057e-01,1.856864e-01,-3.378495e+00
799,6.667392,8.238335e-01,1.551813e+02,1.685175e-05,1.500624e+00,2.024540e-01,-3.196899e+00
800,6.675737,8.596241e-01,1.540948e+02,1.979302e-05,1.915467e+00,2.088664e-01,-3.132172e+00
801,6.684082,8.668170e-01,1.533730e+02,2.100970e-05,2.223226e+00,2.132850e-01,-3.090932e+00
802,6.692426,8.688887e-01,1.530184e+02,6.691116e-06,1.746010e+00,2.174892e-01,-3.052220e+00
803,6.700771,8.732581e-01,1.526662e+02,8.887892e-06,1.860641e+00,2.200631e-01,-3.027909e+00
804,6.709116,8.717874e-01,1.523140e+02,1.129242e-05,2.047681e+00,2.166399e-01,-3.059633e+00
805,6.717460,8.677716e-01,1.519642e+02,8.922808e-06,1.571111e+00,2.116431e-01,-3.105902e+00
806,6.725805,8.619297e-01,1.516169e+02,9.636263e-06,1.600856e+00,2.083554e-01,-3.137115e+00
807,6.734150,8.616955e-01,1.510983e+02,6.518118e-06,1.304405e+00,2.014022e-01,-3.206610e+00
808,6.742494,8.620477e-01,1.505820e+02,6.940091e-06,1.540588e+00,1.932685e-01,-3.289552e+00
809,6.750839,8.609188e-01,1.502393e+02,3.415513e-06,1.353860e+00,1.843514e-01,-3.382400e+00
810,6.759184,8.584978e-01,1.500680e+02,2.548619e-05,2.147000e+00,1.783996e-01,-3.448244e+00
811,6.767528,8.618763e-01,1.502393e+02,3.133441e-05,2.590441e+00,1.705053e-01,-3.540002e+00
812,6.775873,8.703051e-01,1.505820e+02,2.892703e-05,2.127831e+00,1.639544e-01,-3.617528e+00
813,6.784218,8.714461e-01,1.509246e+02,9.026033e-06,1.572440e+00,1.580331e-01,-3.690200e+00
814,6.792562,8.421914e-01,1.510959e+02,1.507842e-05,1.752885e+00,1.512218e-01,-3.780989e+00
815,6.800907,8.022130e-01,1.514457e+02,1.817400e-05,2.262523e+00,1.404449e-01,-3.932151e+00
816,6.809252,7.737455e-01,1.523237e+02,1.563382e-05,1.915276e+00,1.276917e-01,-4.122212e+00
817,6.817596,7.411225e-01,1.539313e+02,3.333710e-06,1.100074e+00,1.153458e-01,-4.326955e+00
818,6.825941,6.288127e-01,1.563151e+02,6.378805e-06,1.248001e+00,9.828208e-02,-4.670823e+00
819,6.834286,5.045746e-01,1.050717e+02,6.624546e-06,1.328896e+00,7.758652e-02,-5.181774e+00
820,6.842630,4.239224e-01,5.309889e+01,6.707182e-06,1.403196e+00,5.643127e-02,-5.819868e+00
821,6.850975,4.243085e-01,0,5.607266e-07,7.313461e-01,3.955701e-02,-6.553919e+00
822,6.859320,3.931394e-01,0,2.305308e-07,6.034192e-01,2.360602e-02,-8.013103e+00
823,6.867664,4.067852e-01,0,1.209591e-07,4.689051e-01,1.083923e-02,-1.031047e+01
824,6.876009,4.636066e-01,0,1.074444e-07,3.725401e-01,2.644915e-03,-1.276484e+01
825,6.884354,5.571206e-01,5.036530e+01,8.348544e-09,1.692746e-01,8.096502e-04,-1.438314e+01
826,6.892698,5.847722e-01,1.007306e+02,4.229648e-10,9.612077e-02,5.707853e-04,-1.494320e+01
827,6.901043,6.569879e-01,1.515047e+02,3.246836e-10,8.482167e-02,5.261847e-04,-1.510093e+01
828,6.909388,7.612169e-01,1.569722e+02,2.334553e-10,5.637352e-02,5.331867e-04,-1.507516e+01
829,6.917732,8.518731e-01,1.715690e+02,2.875441e-11,2.011993e-02,5.630124e-04,-1.497369e+01
830,6.926077,8.043938e-01,1.944239e+02,6.760782e-12,1.303209e-02,6.112455e-04,-1.480462e+01
831,6.934422,7.475712e-01,2.198703e+02,5.688248e-11,3.680175e-02,6.274223e-04,-1.474864e+01
832,6.942766,7.518552e-01,2.423499e+02,1.201921e-10,6.229681e-02,5.834575e-04,-1.490420e+01
833,6.951111,5.776536e-01,2.617088e+02,1.298741e-10,6.627876e-02,5.171095e-04,-1.514977e+01
834,6.959456,4.713599e-01,1.804296e+02,1.736100e-10,7.120079e-02,4.326844e-04,-1.551333e+01
835,6.967800,3.255784e-01,9.298795e+01,1.290804e-10,6.341185e-02,3.213198e-04,-1.624383e+01
836,6.976145,5.020822e-01,0,1.127210e-10,4.988494e-02,1.918327e-04,-1.759966e+01
837,6.984490,5.372670e-01,0,1.990676e-11,2.863275e-02,8.535891e-05,-1.923979e+01
838,6.992834,5.195057e-01,0,1.126811e-12,1.092663e-02,3.594959e-05,-2.067331e+01
839,7.001179,3.881522e-01,0,1.085075e-12,1.027189e-02,2.195290e-05,-2.151728e+01
840,7.009524,2.477998e-01,0,4.173127e-14,2.832394e-03,1.489826e-05,-2.234119e+01
841,7.017868,1.272183e-01,0,4.173127e-14,2.832394e-03,8.386127e-06,-2.897527e+01
842,7.026213,3.331007e-02,0,0,0,2.889677e-06,-3.549631e+01
843,7.034558,0,0,0,0,0,-4.158871e+01
844,7.042902,0,0,0,0,0,-4.158871e+01
845,7.051247,0,0,0,0,0,-4.158871e+01
846,7.059592,0,0,0,0,0,-4.158871e+01
847,7.067937,0,0,0,0,0,-4.158871e+01
848,7.076281,0,0,0,0,0,-4.158871e+01
849,7.084626,0,0,0,0,0,-4.158871e+01
850,7.092971,0,0,0,0,0,-4.158871e+01
851,7.101315,0,0,0,0,0,-4.158871e+01
852,7.109660,0,0,0,0,0,-4.158871e+01
853,7.118005,0,0,0,0,0,-4.158871e+01
854,7.126349,0,0,0,0,0,-4.158871e+01
855,7.134694,0,0,0,0,0,-4.158871e+01
856,7.143039,0,0,0,0,0,-4.158871e+01
857,7.151383,0,0,0,0,0,-4.158871e+01
858,7.159728,0,0,0,0,0,-4.158871e+01
859,7.168073,0,0,0,0,0,-4.158871e+01
860,7.176417,0,0,0,0,0,-4.158871e+01
861,7.184762,0,0,0,0,0,-4.158871e+01
862,7.193107,0,0,0,0,0,-4.158871e+01
863,7.201451,0,0,0,0,0,-4.158871e+01
864,7.209796,0,0,0,0,0,-4.158871e+01
865,7.218141,0,0,0,0,0,-4.158871e+01
866,7.226485,0,0,0,0,0,-4.158871e+01
867,7.234830,0,0,0,0,0,-4.158871e+01
868,7.243175,0,0,0,0,0,-4.158871e+01
869,7.251519,0,0,0,0,0,-4.158871e+01
870,7.259864,0,0,0,0,0,-4.158871e+01
871,7.268209,0,0,0,0,0,-4.158871e+01
872,7.276553,0,0,0,0,0,-4.158871e+01
873,7.276553,0,0,0,0,0,-4.158871e+01
